<?xml version="1.0" encoding="UTF-8"?>
<sequence name="CallEmployeeDataService" trace="disable" xmlns="http://ws.apache.org/ns/synapse">
    <payloadFactory media-type="xml">
        <format>
            <GetEmployeeByEmployeeId>
                <EmployeeId>$1</EmployeeId>
            </GetEmployeeByEmployeeId>
        </format>
        <args>
            <arg evaluator="xml" expression="get-property('EmployeeId')"/>
        </args>
    </payloadFactory>
    <property description="ContentType" name="ContentType" scope="axis2" type="STRING" value="application/xml"/>
    <property description="messageType" name="messageType" scope="axis2" type="STRING" value="application/xml"/>
    <header name="Accept" scope="transport" value="application/xml"/>
    <header name="Action" scope="default" value="urn:GetEmployeeByEmployeeId"/>
    <property description="OUT_ONLY" name="OUT_ONLY" scope="default" type="STRING" value="false"/>
    <call>
        <endpoint key="gov:nl/weintegrate/ggmdkpi/service/employeemanagement/v1/endpoint/EmployeeDataServiceEP.xml"/>
    </call>
</sequence>
