<?xml version="1.0" encoding="UTF-8"?>
<sequence name="CallEmployeeContractDataService" trace="disable" xmlns="http://ws.apache.org/ns/synapse">
    <payloadFactory description="GetEmployeeContractRequestPayload" media-type="xml">
        <format>
            <GetEmployeeContractByContractId>
                <EmployeeContractId>$1</EmployeeContractId>
                <DeliveryDate>$2</DeliveryDate>
            </GetEmployeeContractByContractId>
        </format>
        <args>
            <arg evaluator="xml" expression="get-property('EmployeeSourceId')"/>
            <arg evaluator="xml" expression="get-property('query.param.deliverydate')"/>
        </args>
    </payloadFactory>
    <property description="ContentType" name="ContentType" scope="axis2" type="STRING" value="application/xml"/>
    <property description="messageType" name="messageType" scope="axis2" type="STRING" value="application/xml"/>
    <header name="Accept" scope="transport" value="application/xml"/>
    <header name="Action" scope="default" value="urn:GetEmployeeContractByContractId"/>
    <property description="OUT_ONLY" name="OUT_ONLY" scope="default" type="STRING" value="false"/>
    <send>
        <endpoint key="gov:nl/weintegrate/ggmdkpi/service/employeemanagement/v1/endpoint/EmployeeContractsDataServiceEP.xml"/>
    </send>
</sequence>
