<?xml version="1.0" encoding="UTF-8"?>
<sequence name="GetEmploymentOutSequence" trace="disable" xmlns="http://ws.apache.org/ns/synapse">
    <property description="EmployeeContract " expression="//*[local-name()='Contract']" name="EmployeeContract" scope="default" type="STRING" xmlns:ns="http://org.apache.synapse/xsd"/>
    <filter xpath="//*[local-name()='EmployeeContractId']">
        <then>
            <payloadFactory description="CDMRequest" media-type="xml">
                <format>
                    <CompleteEmployee>
                        <EmployeeObject>$1</EmployeeObject>
                        <EmployeeContract>$2</EmployeeContract>
                    </CompleteEmployee>
                </format>
                <args>
                    <arg evaluator="xml" expression="get-property('Employee')"/>
                    <arg evaluator="xml" expression="get-property('EmployeeContract')"/>
                </args>
            </payloadFactory>
            <sequence key="ConvertEmployeeAndContractResponseToCDMXML"/>
            <sequence key="EmployeeManagementResponseSender"/>
        </then>
        <else>
            <payloadFactory description="CDMRequest" media-type="xml">
                <format>
                    <GetMemberResponse>
                        <Result>
                            <ResponseCode>EM-W-0001</ResponseCode>
                            <ResponseMessage>EmployeeContract not found.</ResponseMessage>
                        </Result>
                    </GetMemberResponse>
                </format>
                <args/>
            </payloadFactory>
            <sequence key="EmployeeManagementResponseSender"/>
        </else>
    </filter>
    <respond/>
</sequence>
