<?xml version="1.0" encoding="UTF-8"?>
<sequence name="GetEmploymentContractsInSequence" trace="disable" xmlns="http://ws.apache.org/ns/synapse">
    <property description="OperationName" name="UserDataOperationName" scope="default" type="STRING" value="GetEmployeeContract"/>
    <property description="ResponseType" expression="get-property('transport', 'Accept')" name="ResponseType" scope="default" type="STRING" xmlns:ns="http://org.apache.synapse/xsd"/>
    <payloadFactory description="CDMRequest" media-type="xml">
        <format>
            <GetEmployeesContractRequest>
                <SourceId>$1</SourceId>
            </GetEmployeesContractRequest>
        </format>
        <args>
            <arg evaluator="xml" expression="get-property('query.param.sourceid')"/>
        </args>
    </payloadFactory>
    <property description="SourceId" expression="//*[local-name()='SourceId']" name="uri.var.SourceId" scope="default" type="STRING" xmlns:ns="http://org.apache.synapse/xsd"/>
    <class name="nl.weintegrate.util.mediators.StringHasher"/>
    <property description="getTimeStamp" expression="$ctx:HASH_TIMESTAMP" name="Timestamp" scope="transport" type="STRING"/>
    <property description="getClientNumber" expression="$ctx:CLIENT_NUMBER" name="Klantnummer" scope="transport" type="STRING"/>
    <property description="GetAuthenticationToken" expression="$ctx:AUTHENTICATION_TOKEN" name="Authentication" scope="transport" type="STRING"/>
    <property description="SetMessageType" name="messageType" scope="axis2" type="STRING" value="application/xml"/>
    <header name="Accept" scope="transport" value="application/xml"/>
    <property description="OUT_ONLY" name="OUT_ONLY" scope="default" type="STRING" value="false"/>
    <send>
        <endpoint key="gov:nl/weintegrate/ggmdkpi/service/employeemanagement/v1/endpoint/GetDienstverbandenSDBEndpoint.xml"/>
    </send>
</sequence>
