<?xml version="1.0" encoding="UTF-8"?>
<sequence name="GetEmployeeInSequence" trace="disable" xmlns="http://ws.apache.org/ns/synapse">
    <property description="OperationName" name="UserDataOperationName" scope="default" type="STRING" value="GetEmployee"/>
    <property description="ResponseType" expression="get-property('transport', 'Accept')" name="ResponseType" scope="default" type="STRING" xmlns:ns="http://org.apache.synapse/xsd"/>
    <payloadFactory description="CDMRequest" media-type="xml">
        <format>
            <GetEmployeesRequest>
                <EmployeeId>$1</EmployeeId>
            </GetEmployeesRequest>
        </format>
        <args>
            <arg evaluator="xml" expression="get-property('query.param.employeeid')"/>
        </args>
    </payloadFactory>
    <property description="EmployeeId" expression="//*[local-name()='EmployeeId']" name="EmployeeId" scope="default" type="STRING" xmlns:ns="http://org.apache.synapse/xsd"/>
    <sequence key="CallEmployeeDataService"/>
    <property description="FullEmployee" expression="//*[local-name()='Employee']" name="Employee" scope="default" type="STRING" xmlns:ns="http://org.apache.synapse/xsd"/>
    <property description="EmployeeId" expression="//*[local-name()='EmployeeId']" name="EmployeeId" scope="default" type="STRING" xmlns:ns="http://org.apache.synapse/xsd"/>
    <property description="EmployeeSourceId" expression="//*[local-name()='EmployeeSourceId']" name="EmployeeSourceId" scope="default" type="STRING" xmlns:ns="http://org.apache.synapse/xsd"/>
    <filter xpath="//*[local-name()='EmployeeId']">
        <then>
            <sequence key="CallEmployeeContractDataService"/>
        </then>
        <else>
            <payloadFactory description="CDMRequest" media-type="xml">
                <format>
                    <GetMemberResponse>
                        <Result>
                            <ResponseCode>EM-W-0001</ResponseCode>
                            <ResponseMessage>Employee not found.</ResponseMessage>
                        </Result>
                    </GetMemberResponse>
                </format>
                <args/>
            </payloadFactory>
            <sequence key="EmployeeManagementResponseSender"/>
        </else>
    </filter>
</sequence>
