<?xml version="1.0" encoding="UTF-8"?>
<sequence name="GetEmployeeList" trace="disable" xmlns="http://ws.apache.org/ns/synapse">
    <property description="OperationName" name="UserDataOperationName" scope="default" type="STRING" value="GetEmployeeList"/>
    <property description="ResponseType" expression="get-property('transport', 'Accept')" name="ResponseType" scope="default" type="STRING" xmlns:ns="http://org.apache.synapse/xsd"/>
    <class name="nl.weintegrate.util.mediators.StringHasher"/>
    <property expression="$ctx:HASH_TIMESTAMP" name="Timestamp" scope="transport" type="STRING"/>
    <property expression="$ctx:CLIENT_NUMBER" name="Klantnummer" scope="transport" type="STRING"/>
    <property expression="$ctx:AUTHENTICATION_TOKEN" name="Authentication" scope="transport" type="STRING"/>
    <property name="messageType" scope="axis2" type="STRING" value="application/xml"/>
    <header name="Accept" scope="transport" value="application/xml"/>
    <property description="OUT_ONLY" name="OUT_ONLY" scope="default" type="STRING" value="false"/>
    <send>
        <endpoint key="gov:nl/weintegrate/ggmdkpi/service/employeemanagement/v1/endpoint/GetMedwekerListSDBEndpoint.xml"/>
    </send>
</sequence>
