<?xml version="1.0" encoding="UTF-8"?>
<sequence name="GetMemberFaultSequence" trace="disable" xmlns="http://ws.apache.org/ns/synapse">
    <property name="OUT_ONLY" scope="default" type="STRING" value="true"/>
    <call>
        <endpoint key="gov:nl/weintegrate/ggmdkpi/service/employeemanagement/v1/endpoint/EmployeeManagementErrorQueueEP.xml"/>
    </call>
    <payloadFactory media-type="xml">
        <format>
            <GetMemberResponse>
                <ResponseCode>EM-E-9999</ResponseCode>
                <ResponseMessage>An unexpected error has occurred.</ResponseMessage>
            </GetMemberResponse>
        </format>
        <args/>
    </payloadFactory>
    <switch source="get-property('ResponseType')" xmlns:ns="http://org.apache.synapse/xsd">
        <case regex="application/xml">
            <header name="Accept" scope="transport" value="application/xml"/>
            <property description="ContentType" name="ContentType" scope="axis2" type="STRING" value="application/xml"/>
            <property description="messageType" name="messageType" scope="axis2" type="STRING" value="application/xml"/>
        </case>
        <case regex="application/json">
            <header name="Accept" scope="transport" value="application/json"/>
            <property description="ContentType" name="ContentType" scope="axis2" type="STRING" value="application/json"/>
            <property description="messageType" name="messageType" scope="axis2" type="STRING" value="application/json"/>
        </case>
        <default>
            <header name="Accept" scope="transport" value="application/xml"/>
            <property description="ContentType" name="ContentType" scope="axis2" type="STRING" value="application/xml"/>
            <property description="messageType" name="messageType" scope="axis2" type="STRING" value="application/xml"/>
        </default>
    </switch>
    <property action="remove" name="NO_ENTITY_BODY" scope="axis2"/>
    <property name="HTTP_SC" scope="axis2" type="STRING" value="500"/>
    <respond/>
</sequence>
