<?xml version="1.0" encoding="UTF-8"?>
<sequence name="GGMDKPIMonitorGetAllEmployeesFromSDB" trace="disable" xmlns="http://ws.apache.org/ns/synapse">
    <property description="MessageTypeHeader" name="messageType" scope="axis2" type="STRING" value="application/xml"/>
    <header name="Accept" scope="transport" value="application/xml"/>
    <property description="OUT_ONLY" name="OUT_ONLY" scope="default" type="STRING" value="false"/>
    <call>
        <endpoint>
            <http method="get" uri-template="http://localhost:8280/employeemanagement_01/api/employmeeidlist"/>
        </endpoint>
    </call>
</sequence>
