<?xml version="1.0" encoding="UTF-8"?>
<sequence name="GGMDKPIMonitorSendCreateEmployeeContractLinesToCDM" trace="disable" xmlns="http://ws.apache.org/ns/synapse">
    <xslt description="CreateEmployeeContractLinesRequest" key="gov:nl/weintegrate/ggmdkpi/service/employeemanagement/v1/xslt/ConvertEmployeeContractLinesRquestToCDM.xsl"/>
    <property description="ContentTypeHeader" name="ContentType" scope="axis2" type="STRING" value="application/xml"/>
    <property description="MessageTypeHeader" name="messageType" scope="axis2" type="STRING" value="application/xml"/>
    <header name="Accept" scope="transport" value="application/xml"/>
    <header name="Action" scope="default" value="urn:CreateEmployeeContractLine"/>
    <property description="OUT_ONLY" name="OUT_ONLY" scope="default" type="STRING" value="false"/>
    <call>
        <endpoint>
            <address uri="http://83.96.205.55:8280/services/GGMDKPIMonitorEmployeeContractData.SOAP12Endpoint"/>
        </endpoint>
    </call>
</sequence>
