<?xml version="1.0" encoding="UTF-8"?>
<sequence name="GGMDKPIMonitorGetEmployeesListOutSequence" trace="disable" xmlns="http://ws.apache.org/ns/synapse">
    <filter xpath="//*[local-name()='Medewerker']">
        <then>
            <sequence key="ExtractListofMedwerkerIds"/>
        </then>
        <else>
            <payloadFactory description="CDMRequest" media-type="xml">
                <format>
                    <GetEmploymentContractResponse>
                        <Result>
                            <ResponseCode>EM-W-0001</ResponseCode>
                            <ResponseMessage>Record not found.</ResponseMessage>
                        </Result>
                    </GetEmploymentContractResponse>
                </format>
                <args/>
            </payloadFactory>
        </else>
    </filter>
    <sequence key="EmployeeManagementResponseSender"/>
</sequence>
