<?xml version="1.0" encoding="UTF-8"?>
<sequence name="GGMDKPIMonitorSendCreateEmployeeRequestToCDM" trace="disable" xmlns="http://ws.apache.org/ns/synapse">
    <filter xpath="//*[local-name()='CreateEmployee'] !=''">
        <then>
            <enrich description="AddEmployeeIdToPayload">
                <source clone="false" property="EMPLOYEE_ID" type="property"/>
                <target xpath="//CreateEmployee/EmployeeId"/>
            </enrich>
            <enrich description="AddDepartmentIdToPayload">
                <source clone="false" property="DEPARTMENT_ID" type="property"/>
                <target xpath="//CreateEmployee/DepartmentId"/>
            </enrich>
            <property description="ContentTypeHeader" name="ContentType" scope="axis2" type="STRING" value="application/xml"/>
            <property description="MessageTypeHeader" name="messageType" scope="axis2" type="STRING" value="application/xml"/>
            <header name="Accept" scope="transport" value="application/xml"/>
            <header name="Action" scope="default" value="urn:CreateEmployee"/>
            <property description="OUT_ONLY" name="OUT_ONLY" scope="default" type="STRING" value="false"/>
            <call>
                <endpoint>
                    <address uri="http://83.96.205.55:8280/services/GGMDKPIMonitorEmployeeData.SOAP12Endpoint"/>
                </endpoint>
            </call>
        </then>
        <else>
            <drop/>
        </else>
    </filter>
</sequence>
