<?xml version="1.0" encoding="UTF-8"?>
<sequence name="GGMDKPIMonitorGetGGMDDesignation" trace="disable" xmlns="http://ws.apache.org/ns/synapse">
    <payloadFactory description="GetEmployeeDesignationPayload" media-type="xml">
        <format>
            <this:GetGGMDDesignationBySDBDesignation xmlns:this="http://ws.wso2.org/dataservice">
                <this:SDBDesignation>$1</this:SDBDesignation>
            </this:GetGGMDDesignationBySDBDesignation>
        </format>
        <args>
            <arg evaluator="xml" expression="get-property('EmployeeDesignationDescription')"/>
        </args>
    </payloadFactory>
    <property description="ContentTypeHeader" name="ContentType" scope="axis2" type="STRING" value="application/xml"/>
    <property description="MessageTypeHeader" name="messageType" scope="axis2" type="STRING" value="application/xml"/>
    <header name="Accept" scope="transport" value="application/xml"/>
    <header name="Action" scope="default" value="urn:GetGGMDDesignationBySDBDesignation"/>
    <property description="OUT_ONLY" name="OUT_ONLY" scope="default" type="STRING" value="false"/>
    <call>
        <endpoint key="gov:nl/weintegrate/ggmdkpi/service/employeemanagement/v1/endpoint/EmployeeDataServiceEP.xml"/>
    </call>
</sequence>
