<?xml version="1.0" encoding="UTF-8"?>
<sequence name="GGMDKPIMonitorSetDesignationDescription" trace="disable" xmlns="http://ws.apache.org/ns/synapse">
    <property description="GetDesignationDescription" expression="//*[local-name()='EmployeeDesignationDescription']" name="EmployeeDesignationDescription" scope="default" type="STRING"/>
    <property description="PreserveOriginalPayload" name="EmployeeContract" scope="default" type="STRING" value="value"/>
    <enrich description="StoreOriginalPayloadInProperty">
        <source clone="false" type="body"/>
        <target property="EmployeeContract" type="property"/>
    </enrich>
    <sequence key="GGMDKPIMonitorGetGGMDDesignation"/>
    <property description="PreserveGGMDDesignation" expression="//*[local-name()='GGMDDesignation']" name="GGMDDesignation" scope="default" type="STRING"/>
    <enrich description="ReplaceMsgBodyWithEmployeePayload">
        <source clone="false" property="EmployeeContract" type="property"/>
        <target type="body"/>
    </enrich>
    <enrich description="ReplaceEmployeeDesignation">
        <source clone="false" xpath="$ctx:GGMDDesignation"/>
        <target xpath="//EmployeeContract/EmployeeDesignationDescription"/>
    </enrich>
</sequence>
