<?xml version="1.0" encoding="UTF-8"?>
<sequence name="GGMDKPIMonitorSendEmployeeContractResponse" trace="disable" xmlns="http://ws.apache.org/ns/synapse">
    <payloadFactory description="CDMRequest" media-type="xml">
        <format>
            <GetEmployeeContractResponse xmlns="">
                <Result>
                    <ResponseCode>EM-N-0000</ResponseCode>
                    <ResponseMessage>Success</ResponseMessage>
                </Result>
                <EmployeeContracts>$1</EmployeeContracts>
            </GetEmployeeContractResponse>
        </format>
        <args>
            <arg evaluator="xml" expression="$body/EmployeeContracts/EmployeeContract"/>
        </args>
    </payloadFactory>
    <sequence key="EmployeeManagementResponseSender"/>
</sequence>
