<?xml version="1.0" encoding="UTF-8"?>
<sequence name="GGMDKPIMonitorGetEmployeeContractOutSequence" trace="disable" xmlns="http://ws.apache.org/ns/synapse">
    <filter xpath="//*[local-name()='Dienstverband']">
        <then>
            <sequence key="ConvertEmployeeContractResponseToCDMXML"/>
            <property description="GetContractsCount" expression="//*[local-name()='EmployeeContractCount']" name="EmployeeContractCount" scope="default" type="STRING"/>
            <sequence key="GGMDKPIMonitorHandleEmployeeContracts"/>
        </then>
        <else>
            <payloadFactory description="CDMRequest" media-type="xml">
                <format>
                    <GetEmployeeContractResponse xmlns="">
                        <Result>
                            <ResponseCode>EM-W-0001</ResponseCode>
                            <ResponseMessage>Employee contract record not found.</ResponseMessage>
                        </Result>
                    </GetEmployeeContractResponse>
                </format>
                <args/>
            </payloadFactory>
            <sequence key="EmployeeManagementResponseSender"/>
        </else>
    </filter>
</sequence>
