<?xml version="1.0" encoding="UTF-8"?>
<sequence name="GGMDKPIMonitorGetEmployeeContactFaultSequence" trace="disable" xmlns="http://ws.apache.org/ns/synapse">
    <sequence key="GGMDKPIMonitorCreateEmployeeAPIErrorResponse"/>
    <clone>
        <target>
            <sequence>
                <sequence key="GGMDKPIMonitorCreateEmployeeAPIErrorResponse"/>
                <property description="SetOutOnlyProperty" name="OUT_ONLY" scope="default" type="STRING" value="true"/>
                <call>
                    <endpoint key="gov:nl/weintegrate/ggmdkpi/service/employeemanagement/v1/endpoint/EmployeeManagementErrorQueueEP.xml"/>
                </call>
            </sequence>
        </target>
        <target>
            <sequence>
                <payloadFactory media-type="xml">
                    <format>
                        <GetEmployeeContractResponse>
                            <ResponseCode>EM-E-9999</ResponseCode>
                            <ResponseMessage>An unexpected error has occurred.</ResponseMessage>
                        </GetEmployeeContractResponse>
                    </format>
                    <args/>
                </payloadFactory>
                <sequence key="EmployeeManagementResponseSender"/>
                <property action="remove" name="NO_ENTITY_BODY" scope="axis2"/>
                <property description="SetHttpErrorCode" name="HTTP_SC" scope="axis2" type="STRING" value="500"/>
                <respond/>
            </sequence>
        </target>
    </clone>
</sequence>
