<?xml version="1.0" encoding="UTF-8"?>
<sequence name="GGMDKPIMonitorGetEmployeeOutSequence" trace="disable" xmlns="http://ws.apache.org/ns/synapse">
    <filter xpath="//*[local-name()='Medewerker']">
        <then>
            <sequence key="ConvertMedwerkerRequestToCDMXML"/>
            <sequence key="EmployeeManagementResponseSender"/>
        </then>
        <else>
            <payloadFactory description="CDMRequest" media-type="xml">
                <format>
                    <GetMemberResponse>
                        <Result>
                            <ResponseCode>EM-W-0001</ResponseCode>
                            <ResponseMessage>Employee record not found.</ResponseMessage>
                        </Result>
                    </GetMemberResponse>
                </format>
                <args/>
            </payloadFactory>
            <sequence key="EmployeeManagementResponseSender"/>
        </else>
    </filter>
</sequence>
