<?xml version="1.0" encoding="UTF-8"?>
<sequence name="GGMDKPIMonitorCreateEmployeeAPIErrorResponse" trace="disable" xmlns="http://ws.apache.org/ns/synapse">
    <payloadFactory description="ErrorResponse" media-type="xml">
        <format>
            <err:Error xmlns:err="http://ws.apache.org/ns/synapse">
                <Header>
                    <CMMHeader>
                        <MessageTimeStamp>$5</MessageTimeStamp>
                        <MessageId>$6</MessageId>
                        <ComponentId>EmployeeManagementAPI</ComponentId>
                        <Operation>GetEmployeeContract</Operation>
                        <Domain>GGMDKPIMonitor</Domain>
                    </CMMHeader>
                </Header>
                <ErrorCode>$7</ErrorCode>
                <ErrorMessage>$3</ErrorMessage>
                <ErrorDetail>$6</ErrorDetail>
                <ErrorException>$4</ErrorException>
            </err:Error>
        </format>
        <args>
            <arg evaluator="xml" expression="get-property('ERROR_MESSAGE')"/>
            <arg evaluator="xml" expression="get-property('ERROR_EXCEPTION')"/>
            <arg evaluator="xml" expression="get-property('SYSTEM_DATE')"/>
            <arg evaluator="xml" expression="get-property('ERROR_DETAIL')"/>
            <arg evaluator="xml" expression="get-property('ERROR_CODE')"/>
            <arg evaluator="xml" expression="get-property('MessageID')"/>
        </args>
    </payloadFactory>
</sequence>
