<?xml version="1.0" encoding="UTF-8"?>
<sequence name="GGMDKPIMonitorValidateDataServiceResponse" trace="disable" xmlns="http://ws.apache.org/ns/synapse">
    <property description="CountUpdatedRowNodesFromResponse" expression="count(//UpdatedRowCount)" name="ResponsePayloadNodes" scope="default" type="STRING"/>
    <filter description="" regex="[1-9][0-9]*(\.[0])?" source="get-property('ResponsePayloadNodes')">
        <then/>
        <else>
            <property name="OUT_ONLY" scope="default" type="STRING" value="true"/>
            <call>
                <endpoint key="gov:nl/weintegrate/ggmdkpi/service/employeemanagement/v1/endpoint/EmployeeManagementErrorQueueEP.xml"/>
            </call>
        </else>
    </filter>
</sequence>
