<?xml version="1.0" encoding="UTF-8"?>
<sequence name="GGMDKPIMonitorHandleEmployeeContracts" trace="disable" xmlns="http://ws.apache.org/ns/synapse">
    <switch source="get-property('EmployeeContractCount')" xmlns:ns="http://org.apache.synapse/xsd">
        <case regex="[2-9][0-9]*">
            <property description="CreateEmployeeContractsRootTag" name="EmployeeContracts" scope="default">
                <EmployeeContracts xmlns=""/>
            </property>
            <iterate expression="//EmployeeContracts/EmployeeContract" id="EmployeeContractIterator">
                <target>
                    <sequence>
                        <sequence key="GGMDKPIMonitorSetDesignationDescription"/>
                    </sequence>
                </target>
            </iterate>
            <aggregate id="EmployeeContractIterator">
                <completeCondition>
                    <messageCount max="-1" min="-1"/>
                </completeCondition>
                <onComplete enclosingElementProperty="EmployeeContracts" expression="//EmployeeContract"/>
            </aggregate>
            <sequence key="GGMDKPIMonitorSendEmployeeContractResponse"/>
        </case>
        <case regex="1">
            <sequence key="GGMDKPIMonitorSetDesignationDescription"/>
            <sequence key="GGMDKPIMonitorSendEmployeeContractResponse"/>
        </case>
        <default>
            <drop/>
        </default>
    </switch>
</sequence>
