<?xml version="1.0" encoding="UTF-8"?>
<sequence name="EventAPI_01_FaultSequence_01" trace="disable" xmlns="http://ws.apache.org/ns/synapse">
  <payloadFactory description="ErrorPayload" media-type="xml">
    <format>
      <ns3:AuthenticateUserResponse xmlns:ns3="http://www.w-integrate.nl/xsd/w-alertconfigurationmanagement_01/requestresponse_001">
        <ns3:ResponseCode>500</ns3:ResponseCode>
      </ns3:AuthenticateUserResponse>
    </format>
    <args/>
  </payloadFactory>
  <log description="INFO LOG"/>
  <respond/>
</sequence>
