<?xml version="1.0" encoding="UTF-8"?>
<sequence name="EventAPI_01_SendEventsInSequence_01" trace="disable" xmlns="http://ws.apache.org/ns/synapse">
  <log description="INFO LOG" level="full" separator="|||||______LOG______|||||"/>
  <enrich description="SaveMessageInProperty">
    <source clone="true" type="body"/>
    <target property="SaveMessageProperty" type="property"/>
  </enrich>
  <xslt
    description="EventAPISendEventToConfigurationManagementAPIAuthenticateRequest" key="gov:nl/weintegrate/wealert/service/EventAPI/v1/xslt/EventAPISendEventToConfigurationManagementAPIAuthenticateRequest.xslt"/>
  <log description="INFO LOG" level="full" separator="|||||_______________________LOG______________________|||||"/>
  <call>
    <endpoint key="gov:nl/weintegrate/wealert/service/EventAPI/v1/endpoints/EventAPIAuthenticateConfigurationManagementAPIEndpoint.xml"/>
  </call>
  <log description="INFO LOG" level="full" separator="|||||__________________LOG_________________|||||"/>
  <property description="CheckResponse"
    expression="//*[local-name()='ResponseCode']" name="CheckResponse"
    scope="default" type="STRING"/>
  <enrich description="SaveAuthenticationResponse">
    <source clone="true" type="body"/>
    <target property="AuthenticationResponse" type="property"/>
  </enrich>
  <property description="OUT_ONLY" name="OUT_ONLY" scope="default"
    type="STRING" value="true"/>
  <property description="FORCE_SC_ACCEPTED" name="FORCE_SC_ACCEPTED"
    scope="axis2" type="STRING" value="true"/>
  <enrich description="GetOriginalMessage">
    <source clone="true" property="SaveMessageProperty" type="property"/>
    <target type="body"/>
  </enrich>
  <log description="INFO LOG" level="full" separator="|||||_______LOG______|||||"/>
  <xslt description="EventAPISendEventToJMSMessage" key="gov:nl/weintegrate/wealert/service/EventAPI/v1/xslt/EventAPISendEventToJMSMessage.xslt"/>
  <log description="INFO LOG" level="full" separator="|||||_______LOG______|||||"/>
  <switch source="get-property('CheckResponse')">
    <case regex="N-0000">
      <call>
        <endpoint key="gov:nl/weintegrate/wealert/service/EventAPI/v1/endpoints/EventAPISendEventsToAllJMSRecipentsEndpoint.xml"/>
      </call>
    </case>
    <case regex="E-0001">
      <call>
        <endpoint key="gov:nl/weintegrate/wealert/service/EventAPI/v1/endpoints/EventAPISendErrorJMSQueueEndpoint.xml"/>
      </call>
    </case>
    <default/>
  </switch>
  <property description="OUT_ONLY" name="OUT_ONLY" scope="default"
    type="STRING" value="false"/>
  <property description="FORCE_SC_ACCEPTED" name="FORCE_SC_ACCEPTED"
    scope="axis2" type="STRING" value="false"/>
  <enrich description="GetAuthenticationResponse">
    <source clone="true" property="AuthenticationResponse" type="property"/>
    <target type="body"/>
  </enrich>
  <log description="INFO LOG" level="full" separator="|||||_________________LOG_______________|||||"/>
  <xslt description="EventAPIAuthicateResponseToEventAPIResponse" key="gov:nl/weintegrate/wealert/service/EventAPI/v1/xslt/EventAPIAuthenticateResponseToEventAPIResponse.xslt"/>
  <send/>
</sequence>
