<?xml version="1.0" encoding="UTF-8"?><artifacts>
    <artifact name="EventDataService_01" groupId="com.example.EventDataServiceESB.proxy-service" version="1.0.0" type="synapse/proxy-service" serverRole="EnterpriseServiceBus">
        <file>src/main/synapse-config/proxy-services/EventDataService_01.xml</file>
    </artifact>
    <artifact name="EventDataService_01_InSequence_01" groupId="com.example.EventDataServiceESB.sequence" version="1.0.0" type="synapse/sequence" serverRole="EnterpriseServiceBus">
        <file>src/main/synapse-config/sequences/EventDataService_01_InSequence_01.xml</file>
    </artifact>
    <artifact name="EventDataService_01_FaultSequence_01" groupId="com.example.EventDataServiceESB.sequence" version="1.0.0" type="synapse/sequence" serverRole="EnterpriseServiceBus">
        <file>src/main/synapse-config/sequences/EventDataService_01_FaultSequence_01.xml</file>
    </artifact>
</artifacts>
