<?xml version="1.0" encoding="UTF-8"?><artifacts>
    <artifact name="EventAPIAuthenticateConfigurationManagementAPIEndpoint" groupId="com.example.EventAPIREG.resource" version="1.0.0" type="registry/resource" serverRole="GovernanceRegistry">
        <item>
            <file>EventAPIAuthenticateConfigurationManagementAPIEndpoint.xml</file>
            <path>/_system/governance/nl/weintegrate/wealert/service/EventAPI/v1/endpoints</path>
            <mediaType>application/vnd.wso2.esb.endpoint</mediaType>
        </item>
    </artifact>
    <artifact name="EventAPISendEventsJMSTopicEndpoint" groupId="com.example.EventAPIREG.resource" version="1.0.0" type="registry/resource" serverRole="GovernanceRegistry">
        <item>
            <file>EventAPISendEventsJMSTopicEndpoint.xml</file>
            <path>/_system/governance/nl/weintegrate/wealert/service/EventAPI/v1/endpoints</path>
            <mediaType>application/vnd.wso2.esb.endpoint</mediaType>
        </item>
    </artifact>
    <artifact name="EventAPISendEventToConfigurationManagementAPIAuthenticateRequest" groupId="com.example.EventAPIREG.resource" version="1.0.0" type="registry/resource" serverRole="GovernanceRegistry">
        <item>
            <file>EventAPISendEventToConfigurationManagementAPIAuthenticateRequest.xslt</file>
            <path>/_system/governance/nl/weintegrate/wealert/service/EventAPI/v1/xslt</path>
            <mediaType>application/xslt+xml</mediaType>
        </item>
    </artifact>
    <artifact name="EventAPISendEventToJMSMessage" groupId="com.example.EventAPIREG.resource" version="1.0.0" type="registry/resource" serverRole="GovernanceRegistry">
        <item>
            <file>EventAPISendEventToJMSMessage.xslt</file>
            <path>/_system/governance/nl/weintegrate/wealert/service/EventAPI/v1/xslt</path>
            <mediaType>application/xslt+xml</mediaType>
        </item>
    </artifact>
    <artifact name="EventAPISendAlertsJMSTopicEndpoint" groupId="com.example.EventAPIREG.resource" version="1.0.0" type="registry/resource" serverRole="GovernanceRegistry">
        <item>
            <file>EventAPISendAlertsJMSTopicEndpoint.xml</file>
            <path>/_system/governance/nl/weintegrate/wealert/service/EventAPI/v1/endpoints</path>
            <mediaType>application/vnd.wso2.esb.endpoint</mediaType>
        </item>
    </artifact>
    <artifact name="EventAPISendEventsToAllJMSRecipentsEndpoint" groupId="com.example.EventAPIREG.resource" version="1.0.0" type="registry/resource" serverRole="GovernanceRegistry">
        <item>
            <file>EventAPISendEventsToAllJMSRecipentsEndpoint.xml</file>
            <path>/_system/governance/nl/weintegrate/wealert/service/EventAPI/v1/endpoints</path>
            <mediaType>application/vnd.wso2.esb.endpoint</mediaType>
        </item>
    </artifact>
    <artifact name="EventAPIAuthenticateResponseToEventAPIResponse" groupId="com.example.EventAPIREG.resource" version="1.0.0" type="registry/resource" serverRole="GovernanceRegistry">
        <item>
            <file>EventAPIAuthenticateResponseToEventAPIResponse.xslt</file>
            <path>/_system/governance/nl/weintegrate/wealert/service/EventAPI/v1/xslt</path>
            <mediaType>application/xslt+xml</mediaType>
        </item>
    </artifact>
    <artifact name="EventAPISendErrorJMSQueueEndpoint" groupId="com.example.EventAPIREG.resource" version="1.0.0" type="registry/resource" serverRole="GovernanceRegistry">
        <item>
            <file>EventAPISendErrorJMSQueueEndpoint.xml</file>
            <path>/_system/governance/nl/weintegrate/wealert/service/EventAPI/v1/endpoints</path>
            <mediaType>application/vnd.wso2.esb.endpoint</mediaType>
        </item>
    </artifact>
</artifacts>
