<?xml version="1.0" encoding="UTF-8"?><artifacts>
    <artifact name="EventAPI_01" groupId="com.example.EventAPIESB.api" version="1.0.0" type="synapse/api" serverRole="EnterpriseServiceBus">
        <file>src/main/synapse-config/api/EventAPI_01.xml</file>
    </artifact>
    <artifact name="EventAPI_01_FaultSequence_01" groupId="com.example.EventAPIESB.sequence" version="1.0.0" type="synapse/sequence" serverRole="EnterpriseServiceBus">
        <file>src/main/synapse-config/sequences/EventAPI_01_FaultSequence_01.xml</file>
    </artifact>
    <artifact name="EventAPI_01_SendEventsInSequence_01" groupId="com.example.EventAPIESB.sequence" version="1.0.0" type="synapse/sequence" serverRole="EnterpriseServiceBus">
        <file>src/main/synapse-config/sequences/EventAPI_01_SendEventsInSequence_01.xml</file>
    </artifact>
    <artifact name="EventAPI_01_SendEventsOutSequence_01" groupId="com.example.EventAPIESB.sequence" version="1.0.0" type="synapse/sequence" serverRole="EnterpriseServiceBus">
        <file>src/main/synapse-config/sequences/EventAPI_01_SendEventsOutSequence_01.xml</file>
    </artifact>
</artifacts>
