<?xml version="1.0" encoding="UTF-8"?><artifacts>
    <artifact name="GetMedwekerSDBEndpoint" groupId="nl.weintegrate.ggmd.wso2.employeemanagement.resource" version="1.0.0" type="registry/resource" serverRole="GovernanceRegistry">
        <item>
            <file>GetMedwekerSDBEndpoint.xml</file>
            <path>/_system/governance/nl/weintegrate/ggmdkpi/service/employeemanagement/v1/endpoint</path>
            <mediaType>application/vnd.wso2.esb.endpoint</mediaType>
        </item>
    </artifact>
    <artifact name="GetDienstverbandenSDBEndpoint" groupId="nl.weintegrate.ggmd.wso2.employeemanagement.resource" version="1.0.0" type="registry/resource" serverRole="GovernanceRegistry">
        <item>
            <file>GetDienstverbandenSDBEndpoint.xml</file>
            <path>/_system/governance/nl/weintegrate/ggmdkpi/service/employeemanagement/v1/endpoint</path>
            <mediaType>application/vnd.wso2.esb.endpoint</mediaType>
        </item>
    </artifact>
    <artifact name="ConvertEmploymentContractRequestToCDMXML" groupId="nl.weintegrate.ggmd.wso2.employeemanagement.resource" version="1.0.0" type="registry/resource" serverRole="GovernanceRegistry">
        <item>
            <file>ConvertEmploymentContractRequestToCDMXML.xslt</file>
            <path>/_system/governance/nl/weintegrate/ggmdkpi/service/employeemanagement/v1/xslt</path>
            <mediaType>application/xslt+xml</mediaType>
        </item>
    </artifact>
    <artifact name="ConvertMedwerkerResponseToEmployeeCDM" groupId="nl.weintegrate.ggmd.wso2.employeemanagement.resource" version="1.0.0" type="registry/resource" serverRole="GovernanceRegistry">
        <item>
            <file>ConvertMedwerkerResponseToEmployeeCDM.xslt</file>
            <path>/_system/governance/nl/weintegrate/ggmdkpi/service/employeemanagement/v1/xslt</path>
            <mediaType>application/xslt+xml</mediaType>
        </item>
    </artifact>
    <artifact name="GetMedwekerListSDBEndpoint" groupId="nl.weintegrate.ggmd.wso2.employeemanagement.resource" version="1.0.0" type="registry/resource" serverRole="GovernanceRegistry">
        <item>
            <file>GetMedwekerListSDBEndpoint.xml</file>
            <path>/_system/governance/nl/weintegrate/ggmdkpi/service/employeemanagement/v1/endpoint</path>
            <mediaType>application/vnd.wso2.esb.endpoint</mediaType>
        </item>
    </artifact>
    <artifact name="GGMDKPIMonitorGetMedewerkerIds_xslt" groupId="nl.weintegrate.ggmd.wso2.employeemanagement.resource" version="1.0.0" type="registry/resource" serverRole="GovernanceRegistry">
        <item>
            <file>GGMDKPIMonitorGetMedewerkerIds.xslt</file>
            <path>/_system/governance/nl/weintegrate/ggmdkpi/service/employeemanagement/v1/xslt</path>
            <mediaType>application/xslt+xml</mediaType>
        </item>
    </artifact>
    <artifact name="EmployeeManagementErrorQueueEP" groupId="nl.weintegrate.ggmd.wso2.employeemanagement.resource" version="1.0.0" type="registry/resource" serverRole="GovernanceRegistry">
        <item>
            <file>EmployeeManagementErrorQueueEP.xml</file>
            <path>/_system/governance/nl/weintegrate/ggmdkpi/service/employeemanagement/v1/endpoint</path>
            <mediaType>application/vnd.wso2.esb.endpoint</mediaType>
        </item>
    </artifact>
    <artifact name="GetEmployeeFromEmployeeAPIEP" groupId="nl.weintegrate.ggmd.wso2.employeemanagement.resource" version="1.0.0" type="registry/resource" serverRole="GovernanceRegistry">
        <item>
            <file>GetEmployeeFromEmployeeAPIEP.xml</file>
            <path>/_system/governance/nl/weintegrate/ggmdkpi/service/employeemanagement/v1/endpoint</path>
            <mediaType>application/vnd.wso2.esb.endpoint</mediaType>
        </item>
    </artifact>
    <artifact name="GetEmployeeContractFromEmployeeAPIEP" groupId="nl.weintegrate.ggmd.wso2.employeemanagement.resource" version="1.0.0" type="registry/resource" serverRole="GovernanceRegistry">
        <item>
            <file>GetEmployeeContractFromEmployeeAPIEP.xml</file>
            <path>/_system/governance/nl/weintegrate/ggmdkpi/service/employeemanagement/v1/endpoint</path>
            <mediaType>application/vnd.wso2.esb.endpoint</mediaType>
        </item>
    </artifact>
    <artifact name="EmployeeDataServiceEP" groupId="nl.weintegrate.ggmd.wso2.employeemanagement.resource" version="1.0.0" type="registry/resource" serverRole="GovernanceRegistry">
        <item>
            <file>EmployeeDataServiceEP.xml</file>
            <path>/_system/governance/nl/weintegrate/ggmdkpi/service/employeemanagement/v1/endpoint</path>
            <mediaType>application/vnd.wso2.esb.endpoint</mediaType>
        </item>
    </artifact>
    <artifact name="EmployeeContractsDataServiceEP" groupId="nl.weintegrate.ggmd.wso2.employeemanagement.resource" version="1.0.0" type="registry/resource" serverRole="GovernanceRegistry">
        <item>
            <file>EmployeeContractsDataServiceEP.xml</file>
            <path>/_system/governance/nl/weintegrate/ggmdkpi/service/employeemanagement/v1/endpoint</path>
            <mediaType>application/vnd.wso2.esb.endpoint</mediaType>
        </item>
    </artifact>
    <artifact name="ConvertXMLToEmployeeCDM_xslt" groupId="nl.weintegrate.ggmd.wso2.employeemanagement.resource" version="1.0.0" type="registry/resource" serverRole="GovernanceRegistry">
        <item>
            <file>ConvertXMLToEmployeeCDM.xslt</file>
            <path>/_system/governance/nl/weintegrate/ggmdkpi/service/employeemanagement/v1/xslt</path>
            <mediaType>application/xslt+xml</mediaType>
        </item>
    </artifact>
    <artifact name="ConvertEmployement" groupId="nl.weintegrate.ggmd.wso2.employeemanagement.resource" version="1.0.0" type="registry/resource" serverRole="GovernanceRegistry">
        <item>
            <file>ConvertEmploymentContractRequestToCDMXML.xsl</file>
            <path>/_system/governance/nl/weintegrate/ggmdkpi/service/employeemanagement/v1/xslt</path>
            <mediaType>application/xsl+xml</mediaType>
        </item>
    </artifact>
    <artifact name="GGMDKPIMonitorCreateEmployeeContractRequest" groupId="nl.weintegrate.ggmd.wso2.employeemanagement.resource" version="1.0.0" type="registry/resource" serverRole="GovernanceRegistry">
        <item>
            <file>GGMDKPIMonitorCreateEmployeeContractRequest.xsl</file>
            <path>/_system/governance/nl/weintegrate/ggmdkpi/service/employeemanagement/v1/xslt</path>
            <mediaType>application/xsl+xml</mediaType>
        </item>
    </artifact>
    <artifact name="ConvertEmployeeContractLinesRquestToCDM" groupId="nl.weintegrate.ggmd.wso2.employeemanagement.resource" version="1.0.0" type="registry/resource" serverRole="GovernanceRegistry">
        <item>
            <file>ConvertEmployeeContractLinesRquestToCDM.xsl</file>
            <path>/_system/governance/nl/weintegrate/ggmdkpi/service/employeemanagement/v1/xslt</path>
            <mediaType>application/xsl+xml</mediaType>
        </item>
    </artifact>
</artifacts>
