<?xml version="1.0" encoding="UTF-8"?>
<endpoint name="EmployeeContractsDataServiceEP" xmlns="http://ws.apache.org/ns/synapse">
    <address format="soap11" uri="http://localhost:8280/services/GGMDKPIMonitorEmployeeContractData">
        <timeout>
            <duration>100000</duration>
            <responseAction>fault</responseAction>
        </timeout>
        <suspendOnFailure>
            <errorCodes>-1</errorCodes>
            <initialDuration>0</initialDuration>
            <progressionFactor>1.0</progressionFactor>
            <maximumDuration>0</maximumDuration>
        </suspendOnFailure>
        <markForSuspension>
            <errorCodes>-1</errorCodes>
        </markForSuspension>
    </address>
</endpoint>
