UserName,Password,Claims
L.bos@ggmd.nl,employee,http://wso2.org/claims/role=ggmdKPIEmployee
F.bakker@ggmd.nl,employee,http://wso2.org/claims/role=ggmdKPIEmployee
r.schuurman@ggmd.nl,manager,http://wso2.org/claims/role=ggmdManager
J.uppelschoten@ggmd.nl,employee,http://wso2.org/claims/role=ggmdKPIEmployee
I.vanDijk@ggmd.nl,employee,http://wso2.org/claims/role=ggmdKPIEmployee
M.slagman@ggmd.nl,employee,http://wso2.org/claims/role=ggmdKPIEmployee
j.van.ommen@ggmd.nl,employee,http://wso2.org/claims/role=ggmdEmployee
g.elferink@ggmd.nl,employee,http://wso2.org/claims/role=ggmdEmployee
m.de.ligter@ggmd.nl,employee,http://wso2.org/claims/role=ggmdEmployee
b.wessels@ggmd.nl,employee,http://wso2.org/claims/role=ggmdKPIEmployee
M.aendenroomer@ggmd.nl,employee,http://wso2.org/claims/role=ggmdKPIEmployee
L.ganza@ggmd.nl,employee,http://wso2.org/claims/role=ggmdKPIEmployee
a.van.kalderen@ggmd.nl,employee,http://wso2.org/claims/role=ggmdEmployee
A.hofner@ggmd.nl,employee,http://wso2.org/claims/role=ggmdKPIEmployee
l.vlasveld@ggmd.nl,employee,http://wso2.org/claims/role=ggmdEmployee
D.van.Helvoirt@ggmd.nl,employee,http://wso2.org/claims/role=ggmdKPIEmployee
c.derks@ggmd.nl,employee,http://wso2.org/claims/role=ggmdEmployee
l.van.dijk@ggmd.nl,employee,http://wso2.org/claims/role=ggmdEmployee
b.Tendeloo@ggmd.nl,employee,http://wso2.org/claims/role=ggmdKPIEmployee
k.molenaar@ggmd.nl,employee,http://wso2.org/claims/role=ggmdKPIEmployee
E.lindemand@ggmd.nl,employee,http://wso2.org/claims/role=ggmdKPIEmployee
L.Ruissen@ggmd.nl,employee,http://wso2.org/claims/role=ggmdKPIEmployee
O.peerbooms@ggmd.nl,employee,http://wso2.org/claims/role=ggmdKPIEmployee
m.volkerijk@ggmd.nl,employee,http://wso2.org/claims/role=ggmdKPIEmployee
j.de.leeuw@ggmd.nl,employee,http://wso2.org/claims/role=ggmdEmployee
l.schermeij@ggmd.nl,employee,http://wso2.org/claims/role=ggmdEmployee
F.blom@GGMD.nl,employee,http://wso2.org/claims/role=ggmdKPIEmployee
g.de.witt.huberts@ggmd.nl,employee,http://wso2.org/claims/role=ggmdKPIEmployee
c.been@ggmd.nl,employee,http://wso2.org/claims/role=ggmdEmployee
g.kriellaars@ggmd.nl,employee,http://wso2.org/claims/role=ggmdEmployee
z.bakker@ggmd.nl,employee,http://wso2.org/claims/role=ggmdEmployee
d.hermens@ggmd.nl,employee,http://wso2.org/claims/role=ggmdEmployee
l.josiassen@ggmd.nl,employee,http://wso2.org/claims/role=ggmdEmployee
t.vasilda@ggmd.nl,employee,http://wso2.org/claims/role=ggmdKPIEmployee
L.vredeveld@ggmd.nl,employee,http://wso2.org/claims/role=ggmdKPIEmployee
m.ten.buuren@ggmd.nl,employee,http://wso2.org/claims/role=ggmdKPIEmployee
p.schaffer@ggmd.nl,employee,http://wso2.org/claims/role=ggmdEmployee
j.schats@ggmd.nl,employee,http://wso2.org/claims/role=ggmdEmployee
s.ursem@ggmd.nl,employee,http://wso2.org/claims/role=ggmdEmployee
c.prins@ggmd.nl,employee,http://wso2.org/claims/role=ggmdEmployee
j.hulsman@ggmd.nl,employee,http://wso2.org/claims/role=ggmdEmployee
E.breukers@ggmd.nl,employee,http://wso2.org/claims/role=ggmdKPIEmployee
p.verbraak@ggmd.nl,employee,http://wso2.org/claims/role=ggmdEmployee
l.dassen@ggmd.nl,employee,http://wso2.org/claims/role=ggmdEmployee
m.kessels@ggmd.nl,employee,http://wso2.org/claims/role=ggmdEmployee
j.van.der.maaden@ggmd.nl,employee,http://wso2.org/claims/role=ggmdEmployee
s.el.boujoufi@ggmd.nl,employee,http://wso2.org/claims/role=ggmdEmployee
b.blom@ggmd.nl,employee,http://wso2.org/claims/role=ggmdEmployee
b.gerding@ggmd.nl,employee,http://wso2.org/claims/role=ggmdKPIEmployee
b.timmer@ggmd.nl,manager,http://wso2.org/claims/role=ggmdManager
d.kramp@ggmd.nl,employee,http://wso2.org/claims/role=ggmdEmployee
d.kramp@ggmd.nl,employee,http://wso2.org/claims/role=ggmdEmployee
m.volkerijk@ggmd.nl,employee,http://wso2.org/claims/role=ggmdKPIEmployee
e.slik@ggmd.nl,employee,http://wso2.org/claims/role=ggmdEmployee
r.dol@ggmd.nl,employee,http://wso2.org/claims/role=ggmdEmployee
m.eleveld@ggmd.nl,employee,http://wso2.org/claims/role=ggmdEmployee
s.schoorl@ggmd.nl,employee,http://wso2.org/claims/role=ggmdEmployee
s.ames@ggmd.nl,employee,http://wso2.org/claims/role=ggmdEmployee
y.martens@ggmd.nl,manager,http://wso2.org/claims/role=ggmdManager
m.steenhuis@ggmd.nl,employee,http://wso2.org/claims/role=ggmdEmployee
a.cirkel@ggmd.nl,employee,http://wso2.org/claims/role=ggmdEmployee
k.meijer@ggmd.nl,employee,http://wso2.org/claims/role=ggmdEmployee
a.bossenbroek@ggmd.nl,employee,http://wso2.org/claims/role=ggmdKPIEmployee
j.bogert@ggmd.nl,manager,http://wso2.org/claims/role=ggmdManager
j.van.enkhuizen@ggmd.nl,employee,http://wso2.org/claims/role=ggmdEmployee
a.bekendam@ggmd.nl,employee,http://wso2.org/claims/role=ggmdEmployee
k.van.der.hoek@ggmd.nl,employee,http://wso2.org/claims/role=ggmdKPIEmployee
r.vriens@ggmd.nl,employee,http://wso2.org/claims/role=ggmdEmployee
a.tijmstra@ggmd.nl,employee,http://wso2.org/claims/role=ggmdEmployee
m.bijsterveld@ggmd.nl,employee,http://wso2.org/claims/role=ggmdEmployee
F.haanstra@ggmd.nl,employee,http://wso2.org/claims/role=ggmdEmployee
k.van.bommel@ggmd.nl,employee,http://wso2.org/claims/role=ggmdKPIEmployee
a.bialkowska@ggmd.nl,employee,http://wso2.org/claims/role=ggmdKPIEmployee
i.philippen@ggdm.nl,employee,http://wso2.org/claims/role=ggmdKPIEmployee
p.van.leeuwen@ggmd.nl,employee,http://wso2.org/claims/role=ggmdEmployee
l.stam@ggmd.nl,employee,http://wso2.org/claims/role=ggmdEmployee
u.thijssen@ggmd.nl,employee,http://wso2.org/claims/role=ggmdEmployee
b.van.eekeren@ggmd.nl,employee,http://wso2.org/claims/role=ggmdEmployee
c.purperhart@ggmd.nl,employee,http://wso2.org/claims/role=ggmdEmployee
t.lambert@ggmd.nl,employee,http://wso2.org/claims/role=ggmdEmployee
y.scheepers@ggmd.nl,employee,http://wso2.org/claims/role=ggmdEmployee
c.van.boetzelaer@ggmd.nl,employee,http://wso2.org/claims/role=ggmdEmployee
A.van.elewout@ggmd.nl,employee,http://wso2.org/claims/role=ggmdKPIEmployee
e.jansing@ggmd.nl,employee,http://wso2.org/claims/role=ggmdKPIEmployee
j.daneel@ggmd.nl,employee,http://wso2.org/claims/role=ggmdEmployee
f.boukhizzou@ggmd.nl,employee,http://wso2.org/claims/role=ggmdEmployee
p.bouwmeester@ggmd.nl,employee,http://wso2.org/claims/role=ggmdEmployee
i.duin@ggmd.nl,employee,http://wso2.org/claims/role=ggmdEmployee
d.muizelaar@ggmd.nl,employee,http://wso2.org/claims/role=ggmdEmployee
d.groenefelt@ggmd.nl,employee,http://wso2.org/claims/role=ggmdEmployee
h.van.der.steen@ggmd.nl,employee,http://wso2.org/claims/role=ggmdEmployee
j.van.der.kemp@ggmd.nl,employee,http://wso2.org/claims/role=ggmdKPIEmployee
i.aaldijk@ggmd.nl,employee,http://wso2.org/claims/role=ggmdKPIEmployee
y.van.de.wijdeven@ggmd.nl,employee,http://wso2.org/claims/role=ggmdEmployee
i.brink@ggmd.nl,employee,http://wso2.org/claims/role=ggmdEmployee
m.spoor@ggmd.nl,employee,http://wso2.org/claims/role=ggmdEmployee
j.schutte@ggmd.nl,employee,http://wso2.org/claims/role=ggmdEmployee
c.vogelaar@ggmd.nl,employee,http://wso2.org/claims/role=ggmdKPIEmployee
s.souilljee@ggmd.nl,employee,http://wso2.org/claims/role=ggmdEmployee
c.schuurman@ggmd.nl,employee,http://wso2.org/claims/role=ggmdEmployee
e.melbourne@ggmd.nl,employee,http://wso2.org/claims/role=ggmdEmployee
j.sanders@ggmd.nl,employee,http://wso2.org/claims/role=ggmdEmployee
a.posthuma@ggmd.nl,employee,http://wso2.org/claims/role=ggmdKPIEmployee
c.van.dal@ggmd.nl,employee,http://wso2.org/claims/role=ggmdKPIEmployee
C.de.Savornin.Lohman@ggmd.nl,employee,http://wso2.org/claims/role=ggmdKPIEmployee
I.Scheper@ggmd.nl,employee,http://wso2.org/claims/role=ggmdKPIEmployee
s.bouwman@ggmd.nl,employee,http://wso2.org/claims/role=ggmdEmployee
J.yuen@ggmd.nl,employee,http://wso2.org/claims/role=ggmdEmployee
b.beumer@ggmd.nl,employee,http://wso2.org/claims/role=ggmdEmployee
t.de.graaff@ggmd.nl,employee,http://wso2.org/claims/role=ggmdKPIEmployee
m.roovers@ggmd.nl,employee,http://wso2.org/claims/role=ggmdKPIEmployee
s.klop@ggmd.nl,employee,http://wso2.org/claims/role=ggmdEmployee
l.Schoenmaker@ggmd.nl,employee,http://wso2.org/claims/role=ggmdEmployee
j.roose@ggmd.nl,employee,http://wso2.org/claims/role=ggmdEmployee
c.bruijnzeel@ggmd.nl,employee,http://wso2.org/claims/role=ggmdKPIEmployee
j.steenbergen@ggmd.nl,manager,http://wso2.org/claims/role=ggmdManager
j.barendse@ggmd.nl,employee,http://wso2.org/claims/role=ggmdKPIEmployee
L.Stegink@ggmd.nl,employee,http://wso2.org/claims/role=ggmdKPIEmployee
m.cox@ggmd.nl,employee,http://wso2.org/claims/role=ggmdKPIEmployee
c.van.den.berg@ggmd.nl,employee,http://wso2.org/claims/role=ggmdKPIEmployee
e.cuijten@ggmd.nl,employee,http://wso2.org/claims/role=ggmdEmployee
i.vister@ggmd.nl,employee,http://wso2.org/claims/role=ggmdEmployee
D.Silva@ggmd.nl,employee,http://wso2.org/claims/role=ggmdKPIEmployee
j.groen@ggmd.nl,employee,http://wso2.org/claims/role=ggmdKPIEmployee
p.siersema@ggmd.nl,employee,http://wso2.org/claims/role=ggmdKPIEmployee
d.maertens@ggmd.nl,employee,http://wso2.org/claims/role=ggmdKPIEmployee
A.barreto@ggmd.nl,employee,http://wso2.org/claims/role=ggmdKPIEmployee
l.langeveld@ggmd.nl,employee,http://wso2.org/claims/role=ggmdKPIEmployee
m.de.ruijter@ggmd.nl,employee,http://wso2.org/claims/role=ggmdKPIEmployee
c.de.jong@ggmd.nl,employee,http://wso2.org/claims/role=ggmdKPIEmployee
l.cox@ggmd.nl,employee,http://wso2.org/claims/role=ggmdKPIEmployee
m.licher@ggmd.nl,employee,http://wso2.org/claims/role=ggmdEmployee
e.meijer@ggmd.nl,employee,http://wso2.org/claims/role=ggmdKPIEmployee
m.de.boer@ggmd.nl,employee,http://wso2.org/claims/role=ggmdKPIEmployee
e.naarden@ggmd.nl,employee,http://wso2.org/claims/role=ggmdKPIEmployee
e.buisman@ggmd.nl,employee,http://wso2.org/claims/role=ggmdKPIEmployee
m.hartings@ggmd.nl,employee,http://wso2.org/claims/role=ggmdKPIEmployee
b.van.der.horst@ggmd.nl,employee,http://wso2.org/claims/role=ggmdKPIEmployee
s.perdijk@ggmd.nl,employee,http://wso2.org/claims/role=ggmdKPIEmployee
c.van.der.velde@ggmd.nl,manager,http://wso2.org/claims/role=ggmdManager
m.van.spijk@ggmd.nl,employee,http://wso2.org/claims/role=ggmdKPIEmployee
h.wouters@ggmd.nl,employee,http://wso2.org/claims/role=ggmdKPIEmployee
e.taal@ggmd.nl,employee,http://wso2.org/claims/role=ggmdKPIEmployee
a.altena@ggmd.nl,employee,http://wso2.org/claims/role=ggmdKPIEmployee
E.landman@ggmd.nl,employee,http://wso2.org/claims/role=ggmdEmployee
s.dalmeijer@ggmd.nl,employee,http://wso2.org/claims/role=ggmdEmployee
P.portegies@ggmd.nl,employee,http://wso2.org/claims/role=ggmdEmployee
S.kuijt@ggmd.nl,employee,http://wso2.org/claims/role=ggmdEmployee
M.doeve@ggmd.nl,employee,http://wso2.org/claims/role=ggmdEmployee
b.breedveld@ggmd.nl,employee,http://wso2.org/claims/role=ggmdEmployee
