<?xml version="1.0" encoding="UTF-8"?><artifacts>
    <artifact name="ErrorQueueEndpoint" groupId="nl.weintegrate.wealert.services.eventdatastore.wso2.resource" version="1.0.0" type="registry/resource" serverRole="GovernanceRegistry">
        <item>
            <file>ErrorQueueEndpoint.xml</file>
            <path>/_system/governance/nl/weintegrate/wealert/service/eventdatastore/v1/endpoint</path>
            <mediaType>application/vnd.wso2.esb.endpoint</mediaType>
        </item>
    </artifact>
    <artifact name="ElasticSearchEndpoint" groupId="nl.weintegrate.wealert.services.eventdatastore.wso2.resource" version="1.0.0" type="registry/resource" serverRole="EnterpriseServiceBus">
        <item>
            <file>ElasticSearchEndpoint.xml</file>
            <path>/_system/governance/nl/weintegrate/wealert/service/eventdatastore/v1/endpoint</path>
            <mediaType>application/vnd.wso2.esb.endpoint</mediaType>
        </item>
    </artifact>
</artifacts>
