<?xml version="1.0" encoding="UTF-8"?>
<sequence name="EventDataStoreFaultSequence" trace="disable" xmlns="http://ws.apache.org/ns/synapse">
    <call-template description="Log-INFO" target="gov:com/commons/util/v1/templates/LoggerTemplate.xml">
        <with-param name="SequenceName" value="EventDataStoreFaultSequence"/>
        <with-param name="Message" value="----========   Start EventDataStoreFaultSequence    ======-----"/>
        <with-param name="LogLevel" value="INFO"/>
    </call-template>
    <payloadFactory description="ErrorMessage" media-type="xml">
        <format>
            <err:Error xmlns:err="http://ws.apache.org/ns/synapse">
                <Header>
                    <CMMHeader>
                        <MessageTimeStamp>$5</MessageTimeStamp>
                        <MessageId>$6</MessageId>
                        <ComponentId>EventDataStore</ComponentId>
                        <From>$1</From>
                        <To>$2</To>
                        <Operation>EventDataStore</Operation>
                        <Domain>wealert</Domain>
                    </CMMHeader>
                </Header>
                <ErrorCode>$7</ErrorCode>
                <ErrorMessage>$3</ErrorMessage>
                <ErrorDetail>$6</ErrorDetail>
                <ErrorException>$4</ErrorException>
            </err:Error>
        </format>
        <args>
            <arg evaluator="xml" expression="get-property('MessageFrom')"/>
            <arg evaluator="xml" expression="get-property('MessageDestination')"/>
            <arg evaluator="xml" expression="get-property('ERROR_MESSAGE')"/>
            <arg evaluator="xml" expression="get-property('ERROR_EXCEPTION')"/>
            <arg evaluator="xml" expression="current-dateTime()"/>
            <arg evaluator="xml" expression="get-property('ERROR_DETAIL')"/>
            <arg evaluator="xml" expression="get-property('ERROR_CODE')"/>
            <arg evaluator="xml" expression="get-property('MessageId')"/>
        </args>
    </payloadFactory>
    <property name="OUT_ONLY" scope="default" type="STRING" value="true"/>
    <drop/>
</sequence>
