<?xml version="1.0" encoding="UTF-8"?>
<sequence name="EventDataStoreInSequence" trace="disable" xmlns="http://ws.apache.org/ns/synapse">
    <call-template description="Log-INFO" target="gov:com/commons/util/v1/templates/LoggerTemplate.xml">
        <with-param name="SequenceName" value="EventDataStoreInSequence"/>
        <with-param name="Message" value="----========   Start EventDataStoreInSequence    ======-----"/>
        <with-param name="LogLevel" value="INFO"/>
    </call-template>
    <sequence key="ParseDataFromInputRequest"/>
    <property name="messageType" scope="axis2" type="STRING" value="application/json"/>
    <call>
        <endpoint key="gov:nl/weintegrate/wealert/service/eventdatastore/v1/endpoint/ElasticSearchEndpoint.xml"/>
    </call>
    <property expression="boolean(//error)" name="elasticsearchResponseType" scope="default" type="STRING" xmlns:ns="http://org.apache.synapse/xsd"/>
    <payloadFactory media-type="json">
        <format>{&#xd;
	"ElasticSearchResponse": $1&#xd;
}</format>
        <args>
            <arg evaluator="json" expression="$."/>
        </args>
    </payloadFactory>
    <switch source="$ctx:elasticsearchResponseType" xmlns:ns="http://org.apache.synapse/xsd">
        <case regex="true">
            <payloadFactory description="Fail payload" media-type="xml">
                <format>
                    <EventDataStoreResponse xmlns="">
                        <ResponseCode>EDS-E-9999</ResponseCode>
                        <ResponseMessage>Unable to create document in elasticsearch.</ResponseMessage>
                        <Result>
                            $1
                        </Result>
                    </EventDataStoreResponse>
                </format>
                <args>
                    <arg evaluator="xml" expression="//ElasticSearchResponse"/>
                </args>
            </payloadFactory>
        </case>
        <default>
            <payloadFactory description="Success payload" media-type="xml">
                <format>
                    <EventDataStoreResponse xmlns="">
                        <ResponseCode>EDS-N-0000</ResponseCode>
                        <ResponseMessage>Document store in elasticsearch successfuly.</ResponseMessage>
                        <Result>
                            $1
                        </Result>
                    </EventDataStoreResponse>
                </format>
                <args>
                    <arg evaluator="xml" expression="//ElasticSearchResponse"/>
                </args>
            </payloadFactory>
        </default>
    </switch>
    <respond/>
</sequence>
