<?xml version="1.0" encoding="UTF-8"?>
<sequence name="ParseDataFromInputRequest" trace="disable" xmlns="http://ws.apache.org/ns/synapse">
    <property expression="//*[local-name() = 'OrganizationId']/text()" name="uri.var.index" scope="default" type="STRING" xmlns:ns="http://org.apache.synapse/xsd"/>
    <property expression="//*[local-name() = 'ApplicationGroupId']/text()" name="ApplicationGroupId" scope="default" type="STRING" xmlns:ns="http://org.apache.synapse/xsd"/>
    <property expression="//*[local-name() = 'EventId']/text()" name="uri.var.id" scope="default" type="STRING" xmlns:ns="http://org.apache.synapse/xsd"/>
    <property expression="//*[local-name() = 'EventTitle']/text()" name="EventTitle" scope="default" type="STRING" xmlns:ns="http://org.apache.synapse/xsd"/>
    <property expression="//*[local-name() = 'EventMessage']/text()" name="EventMessage" scope="default" type="STRING" xmlns:ns="http://org.apache.synapse/xsd"/>
    <property expression="//*[local-name() = 'EventType']/text()" name="EventType" scope="default" type="STRING" xmlns:ns="http://org.apache.synapse/xsd"/>
    <property expression="//*[local-name() = 'EventSeverity']/text()" name="EventSeverity" scope="default" type="STRING" xmlns:ns="http://org.apache.synapse/xsd"/>
    <property expression="//*[local-name() = 'HostName']/text()" name="HostName" scope="default" type="STRING" xmlns:ns="http://org.apache.synapse/xsd"/>
    <property expression="//*[local-name() = 'ProcessId']/text()" name="ProcessId" scope="default" type="STRING" xmlns:ns="http://org.apache.synapse/xsd"/>
    <property expression="//*[local-name() = 'ProcessName']/text()" name="ProcessName" scope="default" type="STRING" xmlns:ns="http://org.apache.synapse/xsd"/>
    <property expression="//*[local-name() = 'ServerIP']/text()" name="ServerIP" scope="default" type="STRING" xmlns:ns="http://org.apache.synapse/xsd"/>
    <property expression="//*[local-name() = 'SourceSystemId']/text()" name="SourceSystemId" scope="default" type="STRING" xmlns:ns="http://org.apache.synapse/xsd"/>
    <property expression="//*[local-name() = 'ThreadId']/text()" name="ThreadId" scope="default" type="STRING" xmlns:ns="http://org.apache.synapse/xsd"/>
    <property expression="//*[local-name() = 'ComponentName']/text()" name="ComponentName" scope="default" type="STRING" xmlns:ns="http://org.apache.synapse/xsd"/>
    <property expression="//*[local-name() = 'EnvironmentName']/text()" name="EnvironmentName" scope="default" type="STRING" xmlns:ns="http://org.apache.synapse/xsd"/>
    <property expression="//*[local-name() = 'TimeStamp']/text()" name="TimeStamp" scope="default" type="STRING" xmlns:ns="http://org.apache.synapse/xsd"/>
    <property expression="//*[local-name() = 'StackTrace']/text()" name="StackTrace" scope="default" type="STRING" xmlns:ns="http://org.apache.synapse/xsd"/>
    <script language="js"><![CDATA[var ApplicationGroupId = mc.getProperty('ApplicationGroupId');
var Event = {}
var EventTitle = mc.getProperty('EventTitle');
var EventMessage = mc.getProperty('EventMessage');
var EventType = mc.getProperty('EventType');
var EventSeverity = mc.getProperty('EventSeverity');
var HostName = mc.getProperty('HostName');
var ProcessId = mc.getProperty('ProcessId');
var ProcessName = mc.getProperty('ProcessName');
var ServerIP = mc.getProperty('ServerIP');
var SourceSystemId = mc.getProperty('SourceSystemId');
var ThreadId = mc.getProperty('ThreadId');
var ComponentName = mc.getProperty('ComponentName');
var EnvironmentName = mc.getProperty('EnvironmentName');
var TimeStamp = mc.getProperty('TimeStamp');
var StackTrace = mc.getProperty('StackTrace');

Event.EventTitle = EventTitle;
Event.EventMessage = EventMessage.replace('\r', '\\r').replace('\n','\\n').replace('\b','\\b').replace('\f','\\f').replace('\t','\\t').replace('\\','\\\\').replace('\"',"\\\"");
Event.EventType = EventType;
Event.EventSeverity = EventSeverity;
Event.HostName = HostName;
Event.ProcessId = ProcessId;
Event.ProcessName = ProcessName;
Event.ServerIP = ServerIP;
Event.SourceSystemId = SourceSystemId;
Event.ThreadId = ThreadId;
Event.ComponentName = ComponentName;
Event.EnvironmentName = EnvironmentName;
Event.TimeStamp = TimeStamp;
Event.StackTrace = StackTrace.replace('\r', '\\r').replace('\n','\\n').replace('\b','\\b').replace('\f','\\f').replace('\t','\\t').replace('\\','\\\\').replace('\"',"\\\"");

var payload = {};
payload.ApplicationGroupId = ApplicationGroupId;
payload.Event = Event;

mc.setPayloadJSON( payload);]]></script>
</sequence>
