<?xml version="1.0" encoding="UTF-8"?><artifacts>
    <artifact name="ErrorQueueEndpoint" groupId="nl.weintegrate.wealert.services.eventrouter.wso2.resource" version="1.0.0" type="registry/resource" serverRole="EnterpriseServiceBus">
        <item>
            <file>ErrorQueueEndpoint.xml</file>
            <path>/_system/governance/nl/weintegrate/wealert/service/eventrouter/v1/endpoint</path>
            <mediaType>application/vnd.wso2.esb.endpoint</mediaType>
        </item>
    </artifact>
    <artifact name="EventSubscriptionDataEndpoint" groupId="nl.weintegrate.wealert.services.eventrouter.wso2.resource" version="1.0.0" type="registry/resource" serverRole="EnterpriseServiceBus">
        <item>
            <file>EventSubscriptionDataEndpoint.xml</file>
            <path>/_system/governance/nl/weintegrate/wealert/service/eventrouter/v1/endpoint</path>
            <mediaType>application/vnd.wso2.esb.endpoint</mediaType>
        </item>
    </artifact>
    <artifact name="RouteEventCDMRequestToAlertRequest" groupId="nl.weintegrate.wealert.services.eventrouter.wso2.resource" version="1.0.0" type="registry/resource" serverRole="EnterpriseServiceBus">
        <item>
            <file>RouteEventCDMRequestToAlertRequest.xslt</file>
            <path>/_system/governance/nl/weintegrate/wealert/service/eventrouter/v1/xslt</path>
            <mediaType>application/xslt+xml</mediaType>
        </item>
    </artifact>
    <artifact name="ClientManagementEndpoint" groupId="nl.weintegrate.wealert.services.eventrouter.wso2.resource" version="1.0.0" type="registry/resource" serverRole="EnterpriseServiceBus">
        <item>
            <file>ClientManagementEndpoint.xml</file>
            <path>/_system/governance/nl/weintegrate/wealert/service/eventrouter/v1/endpoint</path>
            <mediaType/>
        </item>
    </artifact>
    <artifact name="PushNotificationEndpoint" groupId="nl.weintegrate.wealert.services.eventrouter.wso2.resource" version="1.0.0" type="registry/resource" serverRole="EnterpriseServiceBus">
        <item>
            <file>PushNotificationEndpoint.xml</file>
            <path>/_system/governance/nl/weintegrate/wealert/service/eventrouter/v1/endpoint</path>
            <mediaType/>
        </item>
    </artifact>
    <artifact name="EventDataStoreEndPoint" groupId="nl.weintegrate.wealert.services.eventrouter.wso2.resource" version="1.0.0" type="registry/resource" serverRole="EnterpriseIntegrator">
        <item>
            <file>EventDataStoreEndPoint.xml</file>
            <path>/_system/governance/nl/weintegrate/wealert/service/eventrouter/v1/endpoint</path>
            <mediaType>application/vnd.wso2.esb.endpoint</mediaType>
        </item>
    </artifact>
</artifacts>
