<?xml version="1.0" encoding="UTF-8"?>
<localEntry key="DemoEmailTemplate" xmlns="http://ws.apache.org/ns/synapse">
    <html xmlns="http://www.w3.org/1999/xhtml">

    <body>
        <h2 style="color:grey;font-family:'Nunito Sans',Arial,Verdana,Helvetica,sans-serif;">W-Alert User Credentials</h2>

        <table>
            <tbody>
                <tr>
                    <td style="background-color:#f9f9f9;padding:30px 30px 40px 30px">
                        <table bgcolor="#FFFFFF" border="0" cellpadding="0" cellspacing="0" style="max-width:650px;margin:auto" width="100%">
                            <tbody>
                                <tr>
                                    <td style="padding:0px 0px 0px 0px;background-color:#ffffff;text-align:center">
                                        <br/>
                                        <p style="font-size:18px;margin:0;line-height:24px;font-family:'Nunito Sans',Arial,Verdana,Helvetica,sans-serif;color:#505050;text-align:left;padding-bottom:3%;margin:10px;"><strong>Dear Customer,</strong></p>
                                        <p style="font-size:16px;margin:0;line-height:24px;font-family:'Nunito Sans',Arial,Verdana,Helvetica,sans-serif;color:#505050;text-align:left;padding-bottom:1%;margin:10px;">Thank you for registering. Please use the following credentials to login/configure the W-Alert App and W-Agent.</p>
                                        <p style="color:grey;font-size:16px;margin:0;line-height:24px;font-family:'Nunito Sans',Arial,Verdana,Helvetica,sans-serif;font-family:'Nunito Sans',Arial,Verdana,Helvetica,sans-serif;text-align:left;margin:10px"><strong>Credentials</strong></p>

                                        <table style="text-align:left" width="100%">
                                            <tr>
                                                <td><strong style="font-family:'Nunito Sans',Arial,Verdana,Helvetica,sans-serif;text-align:left;margin:10px">Username:</strong> $1
                                                </td>
                                            </tr>
                                            <tr>
                                                <td><strong style="font-family:'Nunito Sans',Arial,Verdana,Helvetica,sans-serif;text-align:left;margin:10px">Password:</strong> $2
                                                </td>
                                            </tr>
                                        </table>
                                        <p style="font-family:'Nunito Sans',Arial,Verdana,Helvetica,sans-serif;">Click on the following links to download the W-Alert app.</p>
                                         <table align="center" border="0" cellpadding="0" cellspacing="0" style="border-radius:4px;border:solid 1px #649fc0;background-color:#ffffff">
                                            <tbody>
                                                <tr>
                                                    <td style="border-radius:6px;padding:9px 14px;color:#649fc0">
                                                        <a download="W-Alert" href="DOWNLOAD_URL/demo/downloads/w-alert.apk" style="font-family:'Nunito Sans',Arial,Verdana,Helvetica,sans-serif;font-size:16px;line-height:29px;font-weight:600;text-align:center;display:inline-block;text-transform:uppercase;text-decoration:none;color:#649fc0"><img height="20" width="16" border="0" src="https://pilot.w-alert.com/demo/images/android_logo_PNG17.png" style="display:inline-block;padding:0px 4px;" />W-Alert APP</a>
                                                    </td>
                                                </tr>
                                            </tbody>
                                        </table>
										<br/>
                                        <table align="center" border="0" cellpadding="0" cellspacing="0" style="border-radius:4px;border:solid 1px #649fc0;background-color:#ffffff">
                                            <tbody>
                                                <tr>
                                                    <td style="border-radius:6px;padding:9px 19px;color:#649fc0">
                                                        <a download="W-Alert" href="https://play.google.com/store/apps/details?id=nl.weintegrate.wealert.android" style="font-family:'Nunito Sans',Arial,Verdana,Helvetica,sans-serif;font-size:16px;line-height:29px;font-weight:600;text-align:center;display:inline-block;text-transform:uppercase;text-decoration:none;color:#649fc0"><img height="20" width="16" border="0" src="https://pilot.w-alert.com/demo/images/android_logo_PNG17.png" style="display:inline-block;padding:0px 4px;" />Play Store</a>
                                                    </td>
                                                </tr>
                                            </tbody>
                                        </table>
                                        <br/>
                                          <table align="center" border="0" cellpadding="0" cellspacing="0" style="border-radius:4px;border:solid 1px #649fc0;background-color:#ffffff">
                                            <tbody>
                                                <tr>
                                                    <td style="border-radius:6px;padding:8px 20px;color:#649fc0">
                                                        <a download="W-Alert" href="https://itunes.apple.com/pk/app/w-alert/id1338736988?mt=8" style="font-family:'Nunito Sans',Arial,Verdana,Helvetica,sans-serif;font-size:16px;line-height:29px;font-weight:600;text-align:center;display:inline-block;text-transform:uppercase;text-decoration:none;color:#649fc0"><img height="auto" width="25" border="0" src="https://pilot.w-alert.com/demo/images/iapple.png" style="display:inline-block;padding:0px 4px 0px 0px;" />App Store</a>
                                                    </td>
                                                </tr>
                                            </tbody>
                                        </table>
                                        <br/>
                                        <p style="font-family:'Nunito Sans',Arial,Verdana,Helvetica,sans-serif;">Click on the following links to download the W-Agent.</p>
                                        <table align="center" border="0" cellpadding="0" cellspacing="0" style="border-radius:4px;border:solid 1px #649fc0;background-color:#ffffff">
                                            <tbody>
                                                <tr>
                                                    <td style="border-radius:6px;padding:12px 25px;color:#649fc0">
                                                        <a href="DOWNLOAD_URL/demo/downloads/w-agent_linux.zip" download="w-agent_linux.zip" style="font-family:'Nunito Sans',Arial,Verdana,Helvetica,sans-serif;font-size:16px;line-height:25px;width:110px;font-weight:600;text-align:center;display:inline-block;text-transform:uppercase;text-decoration:none;color:#649fc0"><img align="left" height="auto" width="20" border="0" src="https://pilot.w-alert.com/demo/images/Linux.png" style="float:left;margin-left:-10px;display:inline-block;padding:0px 4px;" />W-Agent</a>
                                                    </td>
                                                </tr>
                                            </tbody>
                                        </table>
                                        <br/>
                                        	<table align="center" border="0" cellpadding="0" cellspacing="0" style="border-radius:4px;border:solid 1px #649fc0;background-color:#ffffff">
											<tbody>
												<tr>
													<td style="border-radius:6px;padding:12px 25px;color:#649fc0">
														<a href="DOWNLOAD_URL/demo/downloads/W-Agent_Mac.zip" download="W-Agent_Mac.zip" style="font-family:'Nunito Sans',Arial,Verdana,Helvetica,sans-serif;font-size:16px;line-height:25px;width:110px;font-weight:600;text-align:center;display:inline-block;text-transform:uppercase;text-decoration:none;color:#649fc0">
															<img align="left" height="auto" width="20" border="0" src="https://pilot.w-alert.com/demo/images/iapple.png" style="float:left;margin-left:-10px;display:inline-block;padding:0px 4px;"/>W-Agent
														</a>
													</td>
												</tr>
											</tbody>
										</table>
                                        <br/>
                                        <table align="center" border="0" cellpadding="0" cellspacing="3" style="border-radius:4px;border:solid 1px #649fc0;background-color:#ffffff">
                                            <tbody>
                                                <tr>
                                                    <td style="border-radius:6px;padding:0px 10px 0px 0px;color:#649fc0">
                                                        <a download="W-Alert" href="DOWNLOAD_URL/demo/downloads/w-agent_windows.zip">
															<img height="25"  border="0" src="https://pilot.w-alert.com/demo/images/win.png" style="display:inline-block;text-align:center;padding:10px 0px 10px 10px;" /></a>
                                                    </td>
                                                    <td style="line-height:1px; vertical-align:top;padding:26px 18px 20px 0px;color:#649fc0;font-family:'Nunito Sans',Arial,Verdana,Helvetica,sans-serif;display:inline-block;font-size:16px;font-weight:600;">
                                                        W-AGENT
                                                    </td>

                                                </tr>
                                            </tbody>
                                        </table>
                                        <br/>
<table align="center" border="0" cellpadding="0" cellspacing="0" style="border-radius:4px;border:solid 1px #649fc0;background-color:#ffffff">
											<tbody>
												<tr>
													<td style="border-radius:6px;padding:12px 25px;color:#649fc0">
														<a href="DOWNLOAD_URL/demo/downloads/w-agent-demo-installation-guide.pdf" download="w-agent-installguide.txt" style="font-family:'Nunito Sans',Arial,Verdana,Helvetica,sans-serif;font-size:16px;line-height:25px;width:110px;font-weight:600;text-align:center;display:inline-block;text-transform:uppercase;text-decoration:none;color:#649fc0">Installation Guide
														</a>
													</td>
												</tr>
											</tbody>
										</table>

                                    </td>
                                </tr>
                                <tr>
                                    <td style="background:rgb(255,255,255);text-align:left;padding:25px" valign="top">
                                        <p style="font-size:16px;margin:0;line-height:24px;font-family:'Nunito Sans',Arial,Verdana,Helvetica,sans-serif;color:#505050;text-align:left;text-align:left;padding-bottom:3%">Please check <strong>Installation guide</strong> file in W-Agent folder for further instructions.
                                        </p>
                                        <p style="font-size:16px;margin:0;line-height:24px;font-family:'Nunito Sans',Arial,Verdana,Helvetica,sans-serif;color:#505050;text-align:left;;text-align:left;padding-bottom:1%;"><strong>JDK 1.8 is required to run W-Agent.</strong>
                                        </p>
 <p style="font-size:16px;margin:0;line-height:24px;font-family:'Nunito Sans',Arial,Verdana,Helvetica,sans-serif;color:#505050;text-align:left;;text-align:left;padding-bottom:1%;"><strong>This user is only valid for 14 days. </strong>
                                        </p>
                                        <p style="font-size:16px;margin:0;line-height:24px;font-family:'Nunito Sans',Arial,Verdana,Helvetica,sans-serif;color:#505050;text-align:left;text-align:left;">If you require any assistance, please contact W-Alert support team on
                                        </p>
                                        <p style="font-size:16px;margin:0;line-height:24px;font-family:'Nunito Sans',Arial,Verdana,Helvetica,sans-serif;text-align:left;text-align:left;"> <strong>support.w-alert@w-integrate.nl</strong></p>
                                    </td>
                                </tr>
                            </tbody>
                        </table>
                    </td>
                </tr>

            </tbody>
            <tbody>
                <tr>
                    <td style="text-align:center;padding:0px 0px">
                        <br/>
                        <p align="center">
                            <a href="http://w-alert.com/" target="_blank"><img src="http://www.w-integrate.nl/wp-content/uploads/2015/12/w-alert-logo.png" width="100" height="100" alt="W-Alert" />
                        </a>
                        </p>
                        <p align="center" style="font-family:'Nunito Sans',Arial,Verdana,Helvetica,sans-serif;font-size:11px;line-height:18px;color:#bababa">Powered by</p>
                        <p align="center">
                            <a href="http://www.w-integrate.nl/" target="_blank"><img src="http://www.w-integrate.nl/wp-content/uploads/2017/02/logo-1-e1487142205923.png" width="250" height="25" alt="W-Integrate" />
                        </a>
                        </p>
                        <table align="center" bgcolor="#505050" border="0" cellpadding="0" cellspacing="0" style="max-width:650px;margin:auto;text-align:center" width="100%">
                            <tbody>
                                <tr>
                                    <td align="center" style="text-align:center">
                                        <a href="https://twitter.com/w_integrate" target="_blank"><img height="auto" width="6%" border="0" src="https://pilot.w-alert.com/demo/images/twitter-256.png" style="margin-top:20px;display:inline-block;padding:0px 8px;" />
                                    </a>
                                        <a href="https://www.facebook.com/weintegrate/" target="_blank"><img height="auto" width="6% border=" src="https://pilot.w-alert.com/demo/images/facebooklogo.png" style="margin-top:20px;display:inline-block;padding:0px 8px;" />
                                    </a>
                                        <a href="https://www.linkedin.com/company/w-integrate" target="_blank"><img height="auto" width="6%" border="0" src="https://pilot.w-alert.com/demo/images/Linkedin1.png" style="margin-top:20px;display:inline-block;padding:0px 8px;" />
                                    </a>
                                    </td>
                                </tr>
                                <tr>
                                    <td align="center" style="text-align:center">
                                        <p style="letter-spacing:3px;font-size:12px;margin:0;line-height:18px;text-align:center;font-family:'Nunito Sans',Arial,Verdana,Helvetica,sans-serif;color:#bababa;padding:20px 30px"><span><a href="http://www.w-integrate.nl/contact/" style="text-decoration:none;letter-spacing:3px;font-size:12px;margin:0;line-height:18px;font-family:'Nunito Sans',Arial,Verdana,Helvetica,sans-serif;color:#bababa;text-transform:uppercase;text-align:center;padding-bottom:3%" target="_blank">CONTACT US</a></span>
                                        </p>
                                    </td>
                                </tr>
                            </tbody>
                        </table>
                    </td>
                </tr>
            </tbody>
        </table>
    </body>

    </html>
</localEntry>