<?xml version="1.0" encoding="UTF-8"?><artifacts>
    <artifact name="RouteEventInSequence" groupId="nl.weintegrate.wealert.services.eventrouter.wso2.sequence" version="1.0.0" type="synapse/sequence" serverRole="EnterpriseServiceBus">
        <file>src/main/synapse-config/sequences/RouteEventInSequence.xml</file>
    </artifact>
    <artifact name="ValidateRouteEventCDMRequest" groupId="nl.weintegrate.wealert.services.eventrouter.wso2.sequence" version="1.0.0" type="synapse/sequence" serverRole="EnterpriseServiceBus">
        <file>src/main/synapse-config/sequences/ValidateRouteEventCDMRequest.xml</file>
    </artifact>
    <artifact name="ConvertRouteEventCDMRequestToAlertRequest" groupId="nl.weintegrate.wealert.services.eventrouter.wso2.sequence" version="1.0.0" type="synapse/sequence" serverRole="EnterpriseServiceBus">
        <file>src/main/synapse-config/sequences/ConvertRouteEventCDMRequestToAlertRequest.xml</file>
    </artifact>
    <artifact name="RouteEventFaultSequence" groupId="nl.weintegrate.wealert.services.eventrouter.wso2.sequence" version="1.0.0" type="synapse/sequence" serverRole="EnterpriseServiceBus">
        <file>src/main/synapse-config/sequences/RouteEventFaultSequence.xml</file>
    </artifact>
    <artifact name="RouteEventToMobile" groupId="nl.weintegrate.wealert.services.eventrouter.wso2.sequence" version="1.0.0" type="synapse/sequence" serverRole="EnterpriseServiceBus">
        <file>src/main/synapse-config/sequences/RouteEventToMobile.xml</file>
    </artifact>
    <artifact name="GetEventSubscriptionDetail" groupId="nl.weintegrate.wealert.services.eventrouter.wso2.sequence" version="1.0.0" type="synapse/sequence" serverRole="EnterpriseServiceBus">
        <file>src/main/synapse-config/sequences/GetEventSubscriptionDetail.xml</file>
    </artifact>
    <artifact name="EventRouterGenericProperties" groupId="nl.weintegrate.wealert.services.eventrouter.wso2.sequence" version="1.0.0" type="synapse/sequence" serverRole="EnterpriseServiceBus">
        <file>src/main/synapse-config/sequences/EventRouterGenericProperties.xml</file>
    </artifact>
    <artifact name="EventRouter" groupId="nl.weintegrate.wealert.services.eventrouter.wso2.proxy-service" version="1.0.0" type="synapse/proxy-service" serverRole="EnterpriseServiceBus">
        <file>src/main/synapse-config/proxy-services/EventRouter.xml</file>
    </artifact>
    <artifact name="EventEncryption" groupId="nl.weintegrate.wealert.services.eventrouter.wso2.sequence" version="1.0.0" type="synapse/sequence" serverRole="EnterpriseServiceBus">
        <file>src/main/synapse-config/sequences/EventEncryption.xml</file>
    </artifact>
    <artifact name="SendAlertAndUserNameToPushNotificationManager" groupId="nl.weintegrate.wealert.services.eventrouter.wso2.sequence" version="1.0.0" type="synapse/sequence" serverRole="EnterpriseServiceBus">
        <file>src/main/synapse-config/sequences/SendAlertAndUserNameToPushNotificationManager.xml</file>
    </artifact>
    <artifact name="GetUserNameListFromClientManagementAPI" groupId="nl.weintegrate.wealert.services.eventrouter.wso2.sequence" version="1.0.0" type="synapse/sequence" serverRole="EnterpriseServiceBus">
        <file>src/main/synapse-config/sequences/GetUserNameListFromClientManagementAPI.xml</file>
    </artifact>
</artifacts>
