<?xml version="1.0" encoding="UTF-8"?>
<sequence name="EventDataService_01_InSequence_01" trace="disable" xmlns="http://ws.apache.org/ns/synapse">
  <log level="full" separator="---=== EventDataService_01 ===---"/>
  <validate>
    <schema key="gov:nl/weintegrate/wealert/cdm/xsd/Event_01.xsd"/>
    <on-fail>
      <log category="ERROR" description="" separator="---=== Invalid XML ===---"/>
    </on-fail>
  </validate>
  <class name="nl.weintegrate.wealert.custommediator.RedisSender">
    <property name="RedisHost" value="185.96.6.123"/>
    <property name="Key" value="logstash"/>
  </class>
  <drop/>
</sequence>
