<?xml version="1.0" encoding="UTF-8"?>
<sequence name="EventDataService_01_FaultSequence_01" trace="disable" xmlns="http://ws.apache.org/ns/synapse">
  <log level="custom">
    <property name="message" value="An unexpected error occured. Executing fault sequence."/>
    <property expression="get-property('SYSTEM_TIME')" name="error_time"/>
    <property expression="get-property('ERROR_CODE')" name="error_code"/>
    <property expression="get-property('ERROR_MESSAGE')" name="error_message"/>
    <property expression="get-property('ERROR_DETAIL')" name="error_detail"/>
    <property expression="get-property('ERROR_EXCEPTION')" name="error_exception"/>
  </log>
  <drop/>
</sequence>
