<?xml version="1.0" encoding="UTF-8"?>
<sequence name="CheckApplicationGroupDetail" trace="disable" xmlns="http://ws.apache.org/ns/synapse">
    <payloadFactory description="AuthenticateRequest" media-type="xml">
        <format>
           <soapenv:Envelope xmlns:soapenv="http://schemas.xmlsoap.org/soap/envelope/" xmlns:app="http://www.w-integrate.nl/data/service/applicationgroup_01">
   		<soapenv:Body>
     	 <app:GetApplicationGroup>
         <app:ApplicationGroupId>$1</app:ApplicationGroupId>
      	</app:GetApplicationGroup>
 	  </soapenv:Body>
	</soapenv:Envelope>
        </format>
        <args>
            <arg evaluator="xml" expression="//*[local-name()='ApplicationGroupId']"/>
        </args>
    </payloadFactory>
    <property description="OUT_ONLY" name="OUT_ONLY" scope="default" type="STRING" value="false"/>
    <header name="Accept" scope="transport" value="application/xml"/>
    <property description="ContentType" name="ContentType" scope="axis2" type="STRING" value="application/xml"/>
    <property description="messageType" name="messageType" scope="axis2" type="STRING" value="application/xml"/>
    <cache collector="false" hashGenerator="org.wso2.carbon.mediator.cache.digest.DOMHASHGenerator" id="CacheAuth" maxMessageSize="200000" scope="per-host" timeout="120">
        <onCacheHit/>
        <implementation maxSize="10000" type="memory"/>
    </cache>
<header name="Action" scope="default" value="rn:GetApplicationGroup"/>  
    <send>
        <endpoint key="gov:nl/weintegrate/wealert/service/eventpublicationmanagement/v1/endpoint/ApplicationGroupDataEndpoint.xml"/>
    </send>
</sequence>
