<?xml version="1.0" encoding="UTF-8"?>
<sequence name="ConvertPublishEventCDMRequestToEventRouterRequest"
  trace="disable" xmlns="http://ws.apache.org/ns/synapse">
  <call-template description="Log-INFO" target="gov:com/commons/util/v1/templates/LoggerTemplate.xml">
    <with-param name="SequenceName" value="ConvertPublishEventCDMRequestToEventSubscriptionDataRequest"/>
    <with-param name="Message" value="Going to convert PublishEvent CDM request to EventRouter request."/>
    <with-param name="LogLevel" value="INFO"/>
  </call-template>
  <xslt description="EventCDMToAlertRequest" key="gov:nl/weintegrate/wealert/service/eventpublicationmanagement/v1/xslt/PublishEventCDMRequestToEventRouterRequest.xslt">
    <resource
      key="gov:nl/weintegrate/wealert/service/eventpublicationmanagement/v1/xslt/PublishEventCDMRequestToEventRouterRequest.xslt" location="PublishEventCDMRequestToEventRouterRequest.xslt"/>
  </xslt>
  <call-template description="Log-INFO" target="gov:com/commons/util/v1/templates/LoggerTemplate.xml">
    <with-param name="SequenceName" value="ConvertPublishEventCDMRequestToEventSubscriptionDataRequest"/>
    <with-param name="Message" value="Converted PublishEvent CDM request to EventRouter request successfully."/>
    <with-param name="LogLevel" value="INFO"/>
  </call-template>
</sequence>
