<?xml version="1.0" encoding="UTF-8"?>
<sequence name="PublishEventInSequence" trace="disable" xmlns="http://ws.apache.org/ns/synapse">
  <log level="full" separator="---=== PublishEventInSequence ===---">
    <property expression="get-property('transport','RequestSource')"
      name="Source" xmlns:ns="http://org.apache.synapse/xsd"/>
  </log>
  <property name="RequestOperationName" scope="default" type="STRING" value="PublishEvent"/>
  <property name="MessageFrom" scope="default" type="STRING" value="Client"/>
  <property name="MessageDestination" scope="default" type="STRING" value="EventSubscriptionData"/>
  <filter regex="w-agent"
    source="get-property('transport','RequestSource')" xmlns:ns="http://org.apache.synapse/xsd">
    <then>
      <property expression="get-property('transport', 'Accept')"
        name="ResponseType" scope="default" type="STRING"/>
      <property name="ContentType" scope="axis2" type="STRING" value="application/xml"/>
      <property name="messageType" scope="axis2" type="STRING" value="application/xml"/>
      <filter regex="application/json" source="get-property('ResponseType')">
        <then>
          <xslt key="gov:nl/weintegrate/wealert/service/eventpublicationmanagement/v1/xslt/W-AgentJsonRequestToCDMRequest.xslt">
            <resource
              key="gov:nl/weintegrate/wealert/service/eventpublicationmanagement/v1/xslt/W-AgentJsonRequestToCDMRequest.xslt" location="W-AgentJsonRequestToCDMRequest.xslt"/>
          </xslt>
          <log separator="w-agent json converted to XML request."/>
        </then>
        <else/>
      </filter>
      <property expression="//*[local-name()='CorrelationId']"
        name="CorrelationId" scope="default" type="STRING"/>
      <property expression="//*[local-name()='OrganizationId']"
        name="OrganizationId" scope="default" type="STRING"/>
      <property expression="//*[local-name()='PublishEventRequest']"
        name="RequestMessage" scope="default" type="OM"/>
      <sequence key="ValidatePublishEventCDMRequest"/>
      <header name="Action" scope="default" value="rn:mediate"/>
      <property name="OUT_ONLY" scope="default" type="STRING" value="false"/>
      <send>
        <endpoint key="gov:nl/weintegrate/wealert/service/eventpublicationmanagement/v1/endpoint/ApplicationGroupValidatorServiceEndpoint.xml"/>
      </send>
    </then>
    <else>
      <property expression="get-property('transport', 'Accept')"
        name="ResponseType" scope="default" type="STRING"/>
      <property name="ContentType" scope="axis2" type="STRING" value="application/xml"/>
      <property name="messageType" scope="axis2" type="STRING" value="application/xml"/>
      <filter regex="application/json" source="get-property('ResponseType')">
        <then>
          <xslt key="gov:nl/weintegrate/wealert/service/eventpublicationmanagement/v1/xslt/PublishEventJSONToCDMRequest.xslt">
            <resource
              key="gov:nl/weintegrate/wealert/service/eventpublicationmanagement/v1/xslt/PublishEventJSONToCDMRequest.xslt" location="PublishEventJSONToCDMRequest.xslt"/>
          </xslt>
          <log separator="json converted to XML request."/>
        </then>
        <else>
          <filter xpath="fn:contains(get-property('ResponseType'),'text/html, image/gif, image/jpeg, *; q=.2, */*; q=.2')">
            <then>
              <xslt key="gov:nl/weintegrate/wealert/service/eventpublicationmanagement/v1/xslt/PublishEventJSONToCDMRequest.xslt">
                <resource
                  key="gov:nl/weintegrate/wealert/service/eventpublicationmanagement/v1/xslt/PublishEventJSONToCDMRequest.xslt" location="PublishEventJSONToCDMRequest.xslt"/>
              </xslt>
              <log separator="json converted to XML request."/>
            </then>
            <else>
              <log separator="Header is not mactched."/>
            </else>
          </filter>
        </else>
      </filter>
      <property expression="//*[local-name()='CorrelationId']"
        name="CorrelationId" scope="default" type="STRING"/>
      <property expression="//*[local-name()='OrganizationId']"
        name="OrganizationId" scope="default" type="STRING"/>
      <property expression="//*[local-name()='PublishEventRequest']"
        name="RequestMessage" scope="default" type="OM"/>
      <sequence key="ValidatePublishEventCDMRequest"/>
      <header name="Action" scope="default" value="rn:mediate"/>
      <property name="OUT_ONLY" scope="default" type="STRING" value="false"/>
      <send>
        <endpoint key="gov:nl/weintegrate/wealert/service/eventpublicationmanagement/v1/endpoint/ApplicationGroupValidatorServiceEndpoint.xml"/>
      </send>
    </else>
  </filter>
</sequence>
