<?xml version="1.0" encoding="UTF-8"?>
<sequence name="PublishEventOutSequence" trace="disable" xmlns="http://ws.apache.org/ns/synapse">
  <log level="full" separator="---=== PublishEventOutSequence ===---"/>
  <property description="SequenceType" name="MessageFrom"
    scope="default" type="STRING" value="EventPublicationManagement"/>
  <property description="SequenceType" name="MessageDestination"
    scope="default" type="STRING" value="Client"/>
  <property name="HTTP_SC" scope="axis2" type="STRING" value="200"/>
  <filter xpath="//*[local-name()='OrganizationId']=get-property('OrganizationId')">
    <then>
      <payloadFactory media-type="xml">
        <format>
          <soapenv:Envelope xmlns:soapenv="http://schemas.xmlsoap.org/soap/envelope/">
            <soapenv:Body>$1</soapenv:Body>
          </soapenv:Envelope>
        </format>
        <args>
          <arg evaluator="xml"
            expression="get-property('RequestMessage')" xmlns:ns="http://org.apache.synapse/xsd"/>
        </args>
      </payloadFactory>
      <sequence key="SendEventToEventRouterAndEventDataStore"/>
      <payloadFactory media-type="xml">
        <format>
          <this:PublishEventResponse
            xmlns:cmm="http://www.w-integrate.nl/cmm/xsd/cmm_01" xmlns:this="http://www.w-integrate.nl/xsd/eventpublicationmanagement_01/requestresponse">
            <this:Header>
              <cmm:CMMHeader>
                <cmm:CorrelationId>$1</cmm:CorrelationId>
              </cmm:CMMHeader>
            </this:Header>
            <this:Result>
              <cmm:ResponseCode>EPM-N-0000</cmm:ResponseCode>
              <cmm:ResponseMessage>No Errors or warnings.</cmm:ResponseMessage>
            </this:Result>
          </this:PublishEventResponse>
        </format>
        <args>
          <arg evaluator="xml" expression="get-property('CorrelationId')"/>
        </args>
      </payloadFactory>
      <header action="remove" name="To" scope="default"/>
      <property name="RESPONSE" scope="default" type="STRING" value="true"/>
      <property action="remove" name="NO_ENTITY_BODY" scope="axis2"/>
      <sequence key="EventPublicationManagementResponseSender"/>
    </then>
    <else>
      <payloadFactory media-type="xml">
        <format>
          <this:PublishEventResponse
            xmlns:cmm="http://www.w-integrate.nl/cmm/xsd/cmm_01" xmlns:this="http://www.w-integrate.nl/xsd/eventpublicationmanagement_01/requestresponse">
            <this:Header>
              <cmm:CMMHeader>
                <cmm:CorrelationId>$1</cmm:CorrelationId>
              </cmm:CMMHeader>
            </this:Header>
            <this:Result>
              <cmm:ResponseCode>EPM-E-6000</cmm:ResponseCode>
              <cmm:ResponseMessage>Invalid application group. It doesn't belong to Client $2. Please check input parameters.</cmm:ResponseMessage>
            </this:Result>
          </this:PublishEventResponse>
        </format>
        <args>
          <arg evaluator="xml"
            expression="get-property('CorrelationId')" xmlns:ns="http://org.apache.synapse/xsd"/>
          <arg evaluator="xml"
            expression="get-property('OrganizationId')" xmlns:ns="http://org.apache.synapse/xsd"/>
        </args>
      </payloadFactory>
      <property name="HTTP_SC" scope="axis2" type="STRING" value="401"/>
      <sequence key="EventPublicationManagementResponseSender"/>
    </else>
  </filter>
</sequence>
