<?xml version="1.0" encoding="UTF-8"?>
<sequence name="SendEventToEventRouterAndEventDataStore" trace="disable" xmlns="http://ws.apache.org/ns/synapse">
  <call-template description="" target="gov:com/commons/util/v1/templates/LoggerTemplate.xml">
    <with-param name="SequenceName" value="SendEventToEventRouterAndEventDataStore"/>
    <with-param name="Message" value="Going to send Event to EventRouter."/>
    <with-param name="LogLevel" value="INFO"/>
  </call-template>
  <switch source="get-property('RequestOperationName')">
    <case regex="PublishEvent">
      <header name="Action" scope="default" value="urn:mediate"/>
      <header name="Accept" scope="transport" value="application/xml"/>
      <property description="ContentType" name="ContentType"
        scope="axis2" type="STRING" value="application/xml"/>
      <property description="messageType" name="messageType"
        scope="axis2" type="STRING" value="application/xml"/>
      <property description="OUT_ONLY" name="OUT_ONLY" scope="default"
        type="STRING" value="true"/>
      <call>
        <endpoint key="gov:nl/weintegrate/wealert/service/eventpublicationmanagement/v1/endpoint/EventRouterEndpoint.xml"/>
      </call>
    </case>
    <default>
      <log category="WARN" level="full" separator="---=== Invalid Request ===---"/>
      <drop/>
    </default>
  </switch>
</sequence>
