<?xml version="1.0" encoding="UTF-8"?>
<endpoint name="ApplicationGroupValidatorServiceEndpoint" xmlns="http://ws.apache.org/ns/synapse">
  <address format="soap11" trace="disable" uri="LOCAL_HOST_URL/services/ApplicationGroupValidator.ApplicationGroupValidatorHttpSoap11Endpoint">
    <timeout>
      <duration>30000</duration>
      <responseAction>fault</responseAction>
    </timeout>
    <suspendOnFailure>
      <errorCodes>-1</errorCodes>
      <initialDuration>0</initialDuration>
      <progressionFactor>2.0</progressionFactor>
      <maximumDuration>0</maximumDuration>
    </suspendOnFailure>
    <markForSuspension>
      <errorCodes>-1</errorCodes>
    </markForSuspension>
  </address>
</endpoint>
