<?xml version="1.0" encoding="UTF-8"?><artifacts>
    <artifact name="ErrorQueueEndpoint" groupId="nl.weintegrate.wealert.services.eventpublicationmanagement.wso2.resource" version="1.0.0" type="registry/resource" serverRole="EnterpriseServiceBus">
        <item>
            <file>ErrorQueueEndpoint.xml</file>
            <path>/_system/governance/nl/weintegrate/wealert/service/eventpublicationmanagement/v1/endpoint</path>
            <mediaType>application/vnd.wso2.esb.endpoint</mediaType>
        </item>
    </artifact>
    <artifact name="EventRouterEndpoint" groupId="nl.weintegrate.wealert.services.eventpublicationmanagement.wso2.resource" version="1.0.0" type="registry/resource" serverRole="EnterpriseServiceBus">
        <item>
            <file>EventRouterEndpoint.xml</file>
            <path>/_system/governance/nl/weintegrate/wealert/service/eventpublicationmanagement/v1/endpoint</path>
            <mediaType>application/vnd.wso2.esb.endpoint</mediaType>
        </item>
    </artifact>
    <artifact name="EventDataStoreEndpoint" groupId="nl.weintegrate.wealert.services.eventpublicationmanagement.wso2.resource" version="1.0.0" type="registry/resource" serverRole="EnterpriseServiceBus">
        <item>
            <file>EventDataStoreEndpoint.xml</file>
            <path>/_system/governance/nl/weintegrate/wealert/service/eventpublicationmanagement/v1/endpoint</path>
            <mediaType>application/vnd.wso2.esb.endpoint</mediaType>
        </item>
    </artifact>
    <artifact name="PublishEventCDMRequestToEventRouterRequest" groupId="nl.weintegrate.wealert.services.eventpublicationmanagement.wso2.resource" version="1.0.0" type="registry/resource" serverRole="EnterpriseServiceBus">
        <item>
            <file>PublishEventCDMRequestToEventRouterRequest.xslt</file>
            <path>_system/governance/nl/weintegrate/wealert/service/eventpublicationmanagement/v1/xslt</path>
            <mediaType>application/xslt+xml</mediaType>
        </item>
    </artifact>
    <artifact name="ApplicationGroupDataEndpoint" groupId="nl.weintegrate.wealert.services.eventpublicationmanagement.wso2.resource" version="1.0.0" type="registry/resource" serverRole="GovernanceRegistry">
        <item>
            <file>ApplicationGroupDataEndpoint.xml</file>
            <path>/_system/governance/nl/weintegrate/wealert/service/eventpublicationmanagement/v1/endpoint</path>
            <mediaType>application/vnd.wso2.esb.endpoint</mediaType>
        </item>
    </artifact>
    <artifact name="PublishEventJSONToCDMRequest" groupId="nl.weintegrate.wealert.services.eventpublicationmanagement.wso2.resource" version="1.0.0" type="registry/resource" serverRole="GovernanceRegistry">
        <item>
            <file>PublishEventJSONToCDMRequest.xslt</file>
            <path>/_system/governance/nl/weintegrate/wealert/service/eventpublicationmanagement/v1/xslt</path>
            <mediaType>application/xslt+xml</mediaType>
        </item>
    </artifact>
    <artifact name="ApplicationGroupValidatorServiceEndpoint" groupId="nl.weintegrate.wealert.services.eventpublicationmanagement.wso2.resource" version="1.0.0" type="registry/resource" serverRole="GovernanceRegistry">
        <item>
            <file>ApplicationGroupValidatorServiceEndpoint.xml</file>
            <path>/_system/governance/nl/weintegrate/wealert/service/eventpublicationmanagement/v1/endpoint</path>
            <mediaType>application/vnd.wso2.esb.endpoint</mediaType>
        </item>
    </artifact>
    <artifact name="W-AgentJsonRequestToCDMRequest" groupId="nl.weintegrate.wealert.services.eventpublicationmanagement.wso2.resource" version="1.0.0" type="registry/resource" serverRole="GovernanceRegistry">
        <item>
            <file>W-AgentJsonRequestToCDMRequest.xslt</file>
            <path>/_system/governance/nl/weintegrate/wealert/service/eventpublicationmanagement/v1/xslt</path>
            <mediaType>application/xslt+xml</mediaType>
        </item>
    </artifact>
</artifacts>
