<?xml version="1.0" encoding="UTF-8"?><artifacts>
    <artifact name="EventPublicationManagement" groupId="nl.weintegrate.wealert.services.eventpublicationmanagement.wso2.api" version="1.0.0" type="synapse/api" serverRole="EnterpriseServiceBus">
        <file>src/main/synapse-config/api/EventPublicationManagement.xml</file>
    </artifact>
    <artifact name="PublishEventInSequence" groupId="nl.weintegrate.wealert.services.eventpublicationmanagement.wso2.sequence" version="1.0.0" type="synapse/sequence" serverRole="EnterpriseServiceBus">
        <file>src/main/synapse-config/sequences/PublishEventInSequence.xml</file>
    </artifact>
    <artifact name="ValidatePublishEventCDMRequest" groupId="nl.weintegrate.wealert.services.eventpublicationmanagement.wso2.sequence" version="1.0.0" type="synapse/sequence" serverRole="EnterpriseServiceBus">
        <file>src/main/synapse-config/sequences/ValidatePublishEventCDMRequest.xml</file>
    </artifact>
    <artifact name="ConvertPublishEventCDMRequestToEventRouterRequest" groupId="nl.weintegrate.wealert.services.eventpublicationmanagement.wso2.sequence" version="1.0.0" type="synapse/sequence" serverRole="EnterpriseServiceBus">
        <file>src/main/synapse-config/sequences/ConvertPublishEventCDMRequestToEventRouterRequest.xml</file>
    </artifact>
    <artifact name="PublishEventOutSequence" groupId="nl.weintegrate.wealert.services.eventpublicationmanagement.wso2.sequence" version="1.0.0" type="synapse/sequence" serverRole="EnterpriseServiceBus">
        <file>src/main/synapse-config/sequences/PublishEventOutSequence.xml</file>
    </artifact>
    <artifact name="PublishEventFaultSequence" groupId="nl.weintegrate.wealert.services.eventpublicationmanagement.wso2.sequence" version="1.0.0" type="synapse/sequence" serverRole="EnterpriseServiceBus">
        <file>src/main/synapse-config/sequences/PublishEventFaultSequence.xml</file>
    </artifact>
    <artifact name="SendEventToEventRouterAndEventDataStore" groupId="nl.weintegrate.wealert.services.eventpublicationmanagement.wso2.sequence" version="1.0.0" type="synapse/sequence" serverRole="EnterpriseServiceBus">
        <file>src/main/synapse-config/sequences/SendEventToEventRouterAndEventDataStore.xml</file>
    </artifact>
    <artifact name="CheckApplicationGroupDetail" groupId="nl.weintegrate.wealert.services.eventpublicationmanagement.wso2.sequence" version="1.0.0" type="synapse/sequence" serverRole="EnterpriseServiceBus">
        <file>src/main/synapse-config/sequences/CheckApplicationGroupDetail.xml</file>
    </artifact>
    <artifact name="EventPublicationManagementResponseSender" groupId="nl.weintegrate.wealert.services.eventpublicationmanagement.wso2.sequence" version="1.0.0" type="synapse/sequence" serverRole="EnterpriseServiceBus">
        <file>src/main/synapse-config/sequences/EventPublicationManagementResponseSender.xml</file>
    </artifact>
    <artifact name="ApplicationGroupValidator" groupId="nl.weintegrate.wealert.services.eventpublicationmanagement.wso2.proxy-service" version="1.0.0" type="synapse/proxy-service" serverRole="EnterpriseServiceBus">
        <file>src/main/synapse-config/proxy-services/ApplicationGroupValidator.xml</file>
    </artifact>
</artifacts>
