<?xml version="1.0" encoding="UTF-8"?><artifacts>
    <artifact name="EmployeeManagement" groupId="nl.weintegrate.ggmd.wso2.employeemanagement.api" version="1.0.0" type="synapse/api" serverRole="EnterpriseServiceBus">
        <file>src/main/synapse-config/api/EmployeeManagement.xml</file>
    </artifact>
    <artifact name="GetMemberInSequence" groupId="nl.weintegrate.ggmd.wso2.employeemanagement.sequence" version="1.0.0" type="synapse/sequence" serverRole="EnterpriseServiceBus">
        <file>src/main/synapse-config/sequences/GetMemberInSequence.xml</file>
    </artifact>
    <artifact name="ConvertMedwerkerRequestToCDMXML" groupId="nl.weintegrate.ggmd.wso2.employeemanagement.sequence" version="1.0.0" type="synapse/sequence" serverRole="EnterpriseServiceBus">
        <file>src/main/synapse-config/sequences/ConvertMedwerkerRequestToCDMXML.xml</file>
    </artifact>
    <artifact name="GetEmploymentContractsInSequence" groupId="nl.weintegrate.ggmd.wso2.employeemanagement.sequence" version="1.0.0" type="synapse/sequence" serverRole="EnterpriseServiceBus">
        <file>src/main/synapse-config/sequences/GetEmploymentContractsInSequence.xml</file>
    </artifact>
    <artifact name="ConvertEmployeeContractResponseToCDMXML" groupId="nl.weintegrate.ggmd.wso2.employeemanagement.sequence" version="1.0.0" type="synapse/sequence" serverRole="EnterpriseServiceBus">
        <file>src/main/synapse-config/sequences/ConvertEmployeeContractResponseToCDMXML.xml</file>
    </artifact>
    <artifact name="GetMemberFaultSequence" groupId="nl.weintegrate.ggmd.wso2.employeemanagement.sequence" version="1.0.0" type="synapse/sequence" serverRole="EnterpriseServiceBus">
        <file>src/main/synapse-config/sequences/GetMemberFaultSequence.xml</file>
    </artifact>
    <artifact name="EmployeeManagementResponseSender" groupId="nl.weintegrate.ggmd.wso2.employeemanagement.sequence" version="1.0.0" type="synapse/sequence" serverRole="EnterpriseServiceBus">
        <file>src/main/synapse-config/sequences/EmployeeManagementResponseSender.xml</file>
    </artifact>
    <artifact name="GetEmployeeList" groupId="nl.weintegrate.ggmd.wso2.employeemanagement.sequence" version="1.0.0" type="synapse/sequence" serverRole="EnterpriseServiceBus">
        <file>src/main/synapse-config/sequences/GetEmployeeList.xml</file>
    </artifact>
    <artifact name="ExtractListofMedwerkerIds" groupId="nl.weintegrate.ggmd.wso2.employeemanagement.sequence" version="1.0.0" type="synapse/sequence" serverRole="EnterpriseServiceBus">
        <file>src/main/synapse-config/sequences/ExtractListofMedwerkerIds.xml</file>
    </artifact>
    <artifact name="GetEmployeeListFaultSequence" groupId="nl.weintegrate.ggmd.wso2.employeemanagement.sequence" version="1.0.0" type="synapse/sequence" serverRole="EnterpriseServiceBus">
        <file>src/main/synapse-config/sequences/GetEmployeeListFaultSequence.xml</file>
    </artifact>
    <artifact name="SetEmployeeContracts" groupId="nl.weintegrate.ggmd.wso2.employeemanagement.proxy-service" version="1.0.0" type="synapse/proxy-service" serverRole="EnterpriseServiceBus">
        <file>src/main/synapse-config/proxy-services/SetEmployeeContracts.xml</file>
    </artifact>
    <artifact name="GGMDKPIMonitorGetEmployeeOutSequence" groupId="nl.weintegrate.ggmd.wso2.employeemanagement.sequence" version="1.0.0" type="synapse/sequence" serverRole="EnterpriseServiceBus">
        <file>src/main/synapse-config/sequences/GGMDKPIMonitorGetEmployeeOutSequence.xml</file>
    </artifact>
    <artifact name="GGMDKPIMonitorGetEmployeesListOutSequence" groupId="nl.weintegrate.ggmd.wso2.employeemanagement.sequence" version="1.0.0" type="synapse/sequence" serverRole="EnterpriseServiceBus">
        <file>src/main/synapse-config/sequences/GGMDKPIMonitorGetEmployeesListOutSequence.xml</file>
    </artifact>
    <artifact name="GGMDKPIMonitorEmployeeDataLoadFaultSequence" groupId="nl.weintegrate.ggmd.wso2.employeemanagement.sequence" version="1.0.0" type="synapse/sequence" serverRole="EnterpriseServiceBus">
        <file>src/main/synapse-config/sequences/GGMDKPIMonitorEmployeeDataLoadFaultSequence.xml</file>
    </artifact>
    <artifact name="GGMDKPIMonitorEmployeeDataLoadErrorMessage" groupId="nl.weintegrate.ggmd.wso2.employeemanagement.sequence" version="1.0.0" type="synapse/sequence" serverRole="EnterpriseServiceBus">
        <file>src/main/synapse-config/sequences/GGMDKPIMonitorEmployeeDataLoadErrorMessage.xml</file>
    </artifact>
    <artifact name="GGMDKPIMonitorGetEmployeeContractOutSequence" groupId="nl.weintegrate.ggmd.wso2.employeemanagement.sequence" version="1.0.0" type="synapse/sequence" serverRole="EnterpriseServiceBus">
        <file>src/main/synapse-config/sequences/GGMDKPIMonitorGetEmployeeContractOutSequence.xml</file>
    </artifact>
    <artifact name="GGMDKPIMonitorValidateDataServiceResponse" groupId="nl.weintegrate.ggmd.wso2.employeemanagement.sequence" version="1.0.0" type="synapse/sequence" serverRole="EnterpriseServiceBus">
        <file>src/main/synapse-config/sequences/GGMDKPIMonitorValidateDataServiceResponse.xml</file>
    </artifact>
    <artifact name="GGMDKPIMonitorGetEmployeeDataFromSDB" groupId="nl.weintegrate.ggmd.wso2.employeemanagement.sequence" version="1.0.0" type="synapse/sequence" serverRole="EnterpriseServiceBus">
        <file>src/main/synapse-config/sequences/GGMDKPIMonitorGetEmployeeDataFromSDB.xml</file>
    </artifact>
    <artifact name="GGMDKPIMonitorGetEmployeeContractFromSDB" groupId="nl.weintegrate.ggmd.wso2.employeemanagement.sequence" version="1.0.0" type="synapse/sequence" serverRole="EnterpriseServiceBus">
        <file>src/main/synapse-config/sequences/GGMDKPIMonitorGetEmployeeContractFromSDB.xml</file>
    </artifact>
    <artifact name="GGMDKPIMonitorGetAllEmployeesFromSDB" groupId="nl.weintegrate.ggmd.wso2.employeemanagement.sequence" version="1.0.0" type="synapse/sequence" serverRole="EnterpriseServiceBus">
        <file>src/main/synapse-config/sequences/GGMDKPIMonitorGetAllEmployeesFromSDB.xml</file>
    </artifact>
    <artifact name="GetEmployeeInSequence" groupId="nl.weintegrate.ggmd.wso2.employeemanagement.sequence" version="1.0.0" type="synapse/sequence" serverRole="EnterpriseServiceBus">
        <file>src/main/synapse-config/sequences/GetEmployeeInSequence.xml</file>
    </artifact>
    <artifact name="CallEmployeeDataService" groupId="nl.weintegrate.ggmd.wso2.employeemanagement.sequence" version="1.0.0" type="synapse/sequence" serverRole="EnterpriseServiceBus">
        <file>src/main/synapse-config/sequences/CallEmployeeDataService.xml</file>
    </artifact>
    <artifact name="CallEmployeeContractDataService" groupId="nl.weintegrate.ggmd.wso2.employeemanagement.sequence" version="1.0.0" type="synapse/sequence" serverRole="EnterpriseServiceBus">
        <file>src/main/synapse-config/sequences/CallEmployeeContractDataService.xml</file>
    </artifact>
    <artifact name="GetEmploymentOutSequence" groupId="nl.weintegrate.ggmd.wso2.employeemanagement.sequence" version="1.0.0" type="synapse/sequence" serverRole="EnterpriseServiceBus">
        <file>src/main/synapse-config/sequences/GetEmploymentOutSequence.xml</file>
    </artifact>
    <artifact name="ConvertEmployeeAndContractResponseToCDMXML" groupId="nl.weintegrate.ggmd.wso2.employeemanagement.sequence" version="1.0.0" type="synapse/sequence" serverRole="EnterpriseServiceBus">
        <file>src/main/synapse-config/sequences/ConvertEmployeeAndContractResponseToCDMXML.xml</file>
    </artifact>
    <artifact name="GGMDKPIMonitorGetGGMDDesignation" groupId="nl.weintegrate.ggmd.wso2.employeemanagement.sequence" version="1.0.0" type="synapse/sequence" serverRole="EnterpriseServiceBus">
        <file>src/main/synapse-config/sequences/GGMDKPIMonitorGetGGMDDesignation.xml</file>
    </artifact>
    <artifact name="GGMDKPIMonitorGetEmployeeContactFaultSequence" groupId="nl.weintegrate.ggmd.wso2.employeemanagement.sequence" version="1.0.0" type="synapse/sequence" serverRole="EnterpriseServiceBus">
        <file>src/main/synapse-config/sequences/GGMDKPIMonitorGetEmployeeContactFaultSequence.xml</file>
    </artifact>
    <artifact name="GGMDKPIMonitorCreateEmployeeAPIErrorResponse" groupId="nl.weintegrate.ggmd.wso2.employeemanagement.sequence" version="1.0.0" type="synapse/sequence" serverRole="EnterpriseServiceBus">
        <file>src/main/synapse-config/sequences/GGMDKPIMonitorCreateEmployeeAPIErrorResponse.xml</file>
    </artifact>
    <artifact name="GGMDKPIMonitorSetDesignationDescription" groupId="nl.weintegrate.ggmd.wso2.employeemanagement.sequence" version="1.0.0" type="synapse/sequence" serverRole="EnterpriseServiceBus">
        <file>src/main/synapse-config/sequences/GGMDKPIMonitorSetDesignationDescription.xml</file>
    </artifact>
    <artifact name="GGMDKPIMonitorHandleEmployeeContracts" groupId="nl.weintegrate.ggmd.wso2.employeemanagement.sequence" version="1.0.0" type="synapse/sequence" serverRole="EnterpriseServiceBus">
        <file>src/main/synapse-config/sequences/GGMDKPIMonitorHandleEmployeeContracts.xml</file>
    </artifact>
    <artifact name="GGMDKPIMonitorSendEmployeeContractResponse" groupId="nl.weintegrate.ggmd.wso2.employeemanagement.sequence" version="1.0.0" type="synapse/sequence" serverRole="EnterpriseServiceBus">
        <file>src/main/synapse-config/sequences/GGMDKPIMonitorSendEmployeeContractResponse.xml</file>
    </artifact>
    <artifact name="GGMDKPIMonitorSendCreateEmployeeRequestToCDM" groupId="nl.weintegrate.ggmd.wso2.employeemanagement.sequence" version="1.0.0" type="synapse/sequence" serverRole="EnterpriseServiceBus">
        <file>src/main/synapse-config/sequences/GGMDKPIMonitorSendCreateEmployeeRequestToCDM.xml</file>
    </artifact>
    <artifact name="GGMDKPIMonitorSendEmployeeContractRequestToCDM" groupId="nl.weintegrate.ggmd.wso2.employeemanagement.sequence" version="1.0.0" type="synapse/sequence" serverRole="EnterpriseServiceBus">
        <file>src/main/synapse-config/sequences/GGMDKPIMonitorSendEmployeeContractRequestToCDM.xml</file>
    </artifact>
    <artifact name="GGMDKPIMonitorSendCreateEmployeeContractLinesToCDM" groupId="nl.weintegrate.ggmd.wso2.employeemanagement.sequence" version="1.0.0" type="synapse/sequence" serverRole="EnterpriseServiceBus">
        <file>src/main/synapse-config/sequences/GGMDKPIMonitorSendCreateEmployeeContractLinesToCDM.xml</file>
    </artifact>
</artifacts>
