<?xml version="1.0" encoding="UTF-8"?>
<api context="/employeemanagement_01" name="EmployeeManagement" xmlns="http://ws.apache.org/ns/synapse">
  <resource faultSequence="GetMemberFaultSequence" methods="GET" uri-template="/employees?sourceid={sourceid}">
    <inSequence>
      <sequence key="GetMemberInSequence"/>
    </inSequence>
    <outSequence>
      <sequence key="GGMDKPIMonitorGetEmployeeOutSequence"/>
    </outSequence>
  </resource>
  <resource faultSequence="GetEmployeeListFaultSequence" methods="GET" uri-template="/api/employmeeidlist">
    <inSequence>
      <sequence key="GetEmployeeList"/>
    </inSequence>
    <outSequence>
      <sequence key="GGMDKPIMonitorGetEmployeesListOutSequence"/>
    </outSequence>
  </resource>
  <resource faultSequence="GGMDKPIMonitorGetEmployeeContractFaultSequence" methods="GET" uri-template="/employeecontracts?sourceid={sourceid}">
    <inSequence>
      <sequence key="GetEmploymentContractsInSequence"/>
    </inSequence>
    <outSequence>
      <sequence key="GGMDKPIMonitorGetEmployeeContractOutSequence"/>
    </outSequence>
  </resource>
  <resource faultSequence="GetEmployeeFaultSequence" methods="GET" uri-template="/employee?employeeid={employeeid}&amp;deliverydate={deliverydate}">
    <inSequence>
      <sequence key="GetEmployeeInSequence"/>
    </inSequence>
    <outSequence>
      <sequence key="GetEmploymentOutSequence"/>
    </outSequence>
  </resource>
</api>
