<?xml version="1.0" encoding="UTF-8"?><artifacts>
    <artifact name="EventDataStore" groupId="nl.weintegrate.wealert.services.eventdatastore.wso2.proxy-service" version="1.0.0" type="synapse/proxy-service" serverRole="EnterpriseServiceBus">
        <file>src/main/synapse-config/proxy-services/EventDataStore.xml</file>
    </artifact>
    <artifact name="EventDataStoreInSequence" groupId="nl.weintegrate.wealert.services.eventdatastore.wso2.sequence" version="1.0.0" type="synapse/sequence" serverRole="EnterpriseServiceBus">
        <file>src/main/synapse-config/sequences/EventDataStoreInSequence.xml</file>
    </artifact>
    <artifact name="EventDataStoreFaultSequence" groupId="nl.weintegrate.wealert.services.eventdatastore.wso2.sequence" version="1.0.0" type="synapse/sequence" serverRole="EnterpriseServiceBus">
        <file>src/main/synapse-config/sequences/EventDataStoreFaultSequence.xml</file>
    </artifact>
    <artifact name="EventDataStoreOutSequence" groupId="nl.weintegrate.wealert.services.eventdatastore.wso2.sequence" version="1.0.0" type="synapse/sequence" serverRole="EnterpriseServiceBus">
        <file>src/main/synapse-config/sequences/EventDataStoreOutSequence.xml</file>
    </artifact>
    <artifact name="ParseDataFromInputRequest" groupId="nl.weintegrate.wealert.services.eventdatastore.wso2.sequence" version="1.0.0" type="synapse/sequence" serverRole="EnterpriseServiceBus">
        <file>src/main/synapse-config/sequences/ParseDataFromInputRequest.xml</file>
    </artifact>
</artifacts>
