<?xml version="1.0" encoding="UTF-8"?>
<realm xmlns="http://xsd.tns.tibco.com/trinity/realm/2013" hashAlgorithm="PBKDF2WithHmacSHA256" repetitionCount="10240" xsi:schemaLocation="http://xsd.tns.tibco.com/trinity/realm/2013 Realm.xsd" xmlns:xsi="http://www.w3.org/2001/XMLSchema-instance">
  
  <users>
  <!-- for soap UI testing purposes -->
  <user>
      <name>john</name>
      <plaintext>password</plaintext>
  </user>
  <!-- for shipper testing purposes -->
    <user>
      <name>shipper</name>
      <plaintext>58756879c05c68dfac9866712fad6a93f8146f337a69afe7dd238f3364946366</plaintext> 
	</user>
	  
  </users>
  
  <group-mapping>
    <group-name>managers</group-name>
    <user-name>shipper</user-name>
  </group-mapping>
  
  <group-mapping>
    <group-name>administrators</group-name>
    <user-name>john</user-name>
  </group-mapping>
  
</realm>