<?xml version="1.0" encoding="UTF-8"?><artifacts>
    <artifact name="EmailSender" groupId="nl.weintegrate.wealert.services.email.proxy-service" version="1.0.0" type="synapse/proxy-service" serverRole="EnterpriseServiceBus">
        <file>src/main/synapse-config/proxy-services/EmailSender.xml</file>
    </artifact>
    <artifact name="EmailTemplate" groupId="nl.weintegrate.wealert.services.email.local-entry" version="1.0.0" type="synapse/local-entry" serverRole="EnterpriseServiceBus">
        <file>src/main/synapse-config/local-entries/EmailTemplate.xml</file>
    </artifact>
    <artifact name="DemoEmailTemplate" groupId="nl.weintegrate.wealert.services.email.local-entry" version="1.0.0" type="synapse/local-entry" serverRole="EnterpriseServiceBus">
        <file>src/main/synapse-config/local-entries/DemoEmailTemplate.xml</file>
    </artifact>
</artifacts>
