<?xml version="1.0" encoding="UTF-8"?>
<sequence name="ConvertRouteEventCDMRequestToAlertRequest"
  trace="disable" xmlns="http://ws.apache.org/ns/synapse">
  <call-template description="Log-INFO" target="gov:com/commons/util/v1/templates/LoggerTemplate.xml">
    <with-param name="SequenceName" value="ConvertRouteEventCDMRequestToAlertRequest"/>
    <with-param name="Message" value="Going to convert Event request to Alert request."/>
    <with-param name="LogLevel" value="INFO"/>
  </call-template>
  <xslt description="EventToAlert" key="gov:nl/weintegrate/wealert/service/eventrouter/v1/xslt/RouteEventCDMRequestToAlertRequest.xslt">
    <property expression="get-property('EncryptedMessage')" name="EncryptedEventMessage"/>
    <resource
      key="gov:nl/weintegrate/wealert/service/eventrouter/v1/xslt/RouteEventCDMRequestToAlertRequest.xslt" location="RouteEventCDMRequestToAlertRequest.xslt"/>
  </xslt>
  <call-template description="Log-INFO" target="gov:com/commons/util/v1/templates/LoggerTemplate.xml">
    <with-param name="SequenceName" value="ConvertRouteEventCDMRequestToAlertRequest"/>
    <with-param name="Message" value="Converted Event request to Alert request successfully."/>
    <with-param name="LogLevel" value="INFO"/>
  </call-template>
</sequence>
