<?xml version="1.0" encoding="UTF-8"?>
<sequence name="GetUserNameListFromClientManagementAPI" trace="disable" xmlns="http://ws.apache.org/ns/synapse">
    <call-template description="Log-INFO" target="gov:com/commons/util/v1/templates/LoggerTemplate.xml">
        <with-param name="SequenceName" value="GetUserNameListFromClientManagementAPI"/>
        <with-param name="Message" value="Going to get UserName List from ClientManagement API"/>
        <with-param name="LogLevel" value="INFO"/>
    </call-template>
    <payloadFactory media-type="xml">
        <format>
            <this:ListApplicationGroupUserRequest xmlns:address="http://www.w-integrate.nl/cdm/xsd/address_01" xmlns:applicationgroup="http://www.w-integrate.nl/cdm/xsd/applicationgroup_01" xmlns:channel="http://www.w-integrate.nl/cdm/xsd/communicationchannel_01" xmlns:cmm="http://www.w-integrate.nl/cmm/xsd/cmm_01" xmlns:organization="http://www.w-integrate.nl/cdm/xsd/organization_01" xmlns:person="http://www.w-integrate.nl/cdm/xsd/person_01" xmlns:role="http://www.w-integrate.nl/cdm/xsd/role_01" xmlns:this="http://www.w-integrate.nl/xsd/clientmanagement_01/requestresponse" xmlns:user="http://www.w-integrate.nl/cdm/xsd/user_01" xmlns:xsi="http://www.w3.org/2001/XMLSchema-instance" xsi:schemaLocation="http://www.w-integrate.nl/xsd/clientmanagement_01/requestresponse ClientManagement_01_RequestResponse.xsd ">
                <this:Header>
                    <cmm:CMMHeader>
                        <cmm:CorrelationId>$1</cmm:CorrelationId>
                    </cmm:CMMHeader>
                </this:Header>
                <this:ClientContext>
                    <organization:OrganizationId>$2</organization:OrganizationId>
                </this:ClientContext>
                <applicationgroup:ApplicationGroupId>$3</applicationgroup:ApplicationGroupId>
            </this:ListApplicationGroupUserRequest>
        </format>
        <args>
            <arg evaluator="xml" expression="get-property('CorrelationId')"/>
            <arg evaluator="xml" expression="//*[local-name()='OrganizationId']"/>
            <arg evaluator="xml" expression="//*[local-name()='ApplicationGroupId']"/>
        </args>
    </payloadFactory>
    <log description="Log-INFO" level="full" separator="------==== GetUserListForGroup Request ====------"/>
    <property description="ApplicationGroupId" expression="//*[local-name()='ApplicationGroupId']" name="uri.var.ApplicationGroupId" scope="default" type="STRING"/>
    <property description="ContentType" name="ContentType" scope="axis2" type="STRING" value="application/xml"/>
    <property description="messageType" name="messageType" scope="axis2" type="STRING" value="application/xml"/>
    <property description="OUT_ONLY" name="OUT_ONLY" scope="default" type="STRING" value="false"/>
    <call>
        <endpoint>
            <http method="post" uri-template="LOCAL_HOST_URL/clientmanagement_01/applicationgroups/{uri.var.ApplicationGroupId}/list"/>
        </endpoint>
    </call>
    <log description="Log-INFO" level="full" separator="------==== GetUserListForGroup Response ====------"/>
    <property description="ClientManagementAPIResponse" expression="//*[local-name()='ResponseCode']" name="CMResponse" scope="default" type="STRING"/>
</sequence>
