<?xml version="1.0" encoding="UTF-8"?>
<sequence name="RouteEventInSequence" trace="disable" xmlns="http://ws.apache.org/ns/synapse">
    <call-template description="Log-INFO" target="gov:com/commons/util/v1/templates/LoggerTemplate.xml">
        <with-param name="SequenceName" value="RouteEventInSequence"/>
        <with-param name="Message" value="---=== RouteEventInSequence ===---"/>
        <with-param name="LogLevel" value="INFO"/>
    </call-template>
    <property description="CorrelationId" expression="//*[local-name()='CorrelationId']" name="CorrelationId" scope="default" type="STRING"/>
    <property description="EventTitle" expression="//*[local-name()='EventTitle']" name="EventTitle" scope="default" type="STRING"/>
    <property description="EventType" expression="//*[local-name()='EventType']" name="EventType" scope="default" type="STRING"/>
    <enrich>
        <source clone="true" type="body"/>
        <target property="REQUEST_PAYLOAD" type="property"/>
    </enrich>
    <property name="OUT_ONLY" scope="default" type="STRING" value="true"/>
    <header name="Action" scope="default" value="urn:mediate"/>
    <call>
        <endpoint key="gov:nl/weintegrate/wealert/service/eventrouter/v1/endpoint/EventDataStoreEndPoint.xml"/>
    </call>
    <enrich>
        <source clone="false" property="REQUEST_PAYLOAD" type="property"/>
        <target type="body"/>
    </enrich>
    <sequence key="EventRouterGenericProperties"/>
    <!--  <sequence key="ValidateRouteEventCDMRequest"/>-->
    <property description="EventRequestMessage" expression="//*[local-name()='PublishEventRequest']" name="EventRequestMessage" scope="default" type="OM"/>
    <property description="EventMessage" expression="//*[local-name()='EventMessage']" name="EventMessageToEncrypt" scope="default" type="STRING"/>
    <sequence key="GetEventSubscriptionDetail"/>
    <sequence key="SendAlertAndUserNameToPushNotificationManager"/>
    <sequence key="EventEncryption"/>
    <payloadFactory description="GetEventSubscriptionListRequest" media-type="xml">
        <format>
            <soapenv:Envelope xmlns:soapenv="http://schemas.xmlsoap.org/soap/envelope/">
                <soapenv:Body>$1</soapenv:Body>
            </soapenv:Envelope>
        </format>
        <args>
            <arg evaluator="xml" expression="get-property('EventRequestMessage')"/>
        </args>
    </payloadFactory>
    <sequence key="ConvertRouteEventCDMRequestToAlertRequest"/>
    <property description="AlertMessage" expression="//*[local-name()='Alert']" name="AlertMessage" scope="default" type="OM"/>
    <sequence key="RouteEventToMobile"/>
</sequence>
