<?xml version="1.0" encoding="UTF-8"?>
<sequence name="RouteEventFaultSequence" trace="disable" xmlns="http://ws.apache.org/ns/synapse">
  <call-template description="Log-INFO" target="gov:com/commons/util/v1/templates/LoggerTemplate.xml">
    <with-param name="SequenceName" value="ConvertRouteEventFaultSequence"/>
    <with-param name="Message" value="Error occurred in RouteEvent."/>
    <with-param name="LogLevel" value="INFO"/>
  </call-template>
  <switch source="get-property('ERROR_MESSAGE')">
    <case regex="Unable to perform XSLT transformation using.*">
      <property description="UserMessage" name="UserMessage"
        scope="default" type="STRING" value="An internal error has occurred while transforming the message."/>
    </case>
    <case regex="Unexpected error during sending message out.*">
      <property description="UserMessage" name="UserMessage"
        scope="default" type="STRING" value="Service is unavailable at this time. Please try again later."/>
    </case>
    <case regex="Error connecting to the back end.*">
      <property description="UserMessage" name="UserMessage"
        scope="default" type="STRING" value="Service is unavailable at this time. Please try again later."/>
    </case>
    <default>
      <property description="UserMessage" name="UserMessage"
        scope="default" type="STRING" value="An unexpected error has occurred."/>
    </default>
  </switch>
  <payloadFactory media-type="xml">
    <format>
      <this:RouteEventResponse
        xmlns:cmm="http://www.w-integrate.nl/cmm/xsd/cmm_01" xmlns:this="http://www.w-integrate.nl/xsd/eventrouter_01/requestresponse">
        <this:Header>
          <cmm:CMMHeader>
            <cmm:CorrelationId>$2</cmm:CorrelationId>
          </cmm:CMMHeader>
        </this:Header>
        <this:Result>
          <cmm:ResponseCode>ER-E-9999</cmm:ResponseCode>
          <cmm:ResponseMessage>$1</cmm:ResponseMessage>
        </this:Result>
      </this:RouteEventResponse>
    </format>
    <args>
      <arg evaluator="xml" expression="get-property('UserMessage')" xmlns:ns="http://org.apache.synapse/xsd"/>
      <arg evaluator="xml" expression="get-property('CorrelationId')" xmlns:ns="http://org.apache.synapse/xsd"/>
    </args>
  </payloadFactory>
  <log category="ERROR" level="full" separator="---=== Fault Sequence RouteEvent ===---"/>
  <property name="OUT_ONLY" scope="default" type="STRING" value="true"/>
  <call>
    <endpoint key="gov:nl/weintegrate/wealert/service/eventrouter/v1/endpoint/ErrorQueueEndpoint.xml"/>
  </call>
</sequence>
