<?xml version="1.0" encoding="UTF-8"?>
<sequence name="RouteEventToMobile" trace="disable" xmlns="http://ws.apache.org/ns/synapse">
  <call-template description="" target="gov:com/commons/util/v1/templates/LoggerTemplate.xml">
    <with-param name="SequenceName" value="RouteEventToMobile"/>
    <with-param name="Message" value="Going to send Alert to Mobile."/>
    <with-param name="LogLevel" value="INFO"/>
  </call-template>
  <payloadFactory description="Alert" media-type="xml">
    <format>
      <soap:Envelope xmlns:soap="http://www.w3.org/2003/05/soap-envelope">
        <soap:Body>$1</soap:Body>
      </soap:Envelope>
    </format>
    <args>
      <arg evaluator="xml" expression="get-property('AlertMessage')"/>
    </args>
  </payloadFactory>
  <header name="Accept" scope="transport" value="application/json"/>
  <property description="ContentType" name="ContentType" scope="axis2"
    type="STRING" value="application/json"/>
  <property description="messageType" name="messageType" scope="axis2"
    type="STRING" value="application/json"/>
  <property description="OUT_ONLY" name="OUT_ONLY" scope="default"
    type="STRING" value="true"/>
    <property action="remove" description="ClientApiNonBlocking"
    name="ClientApiNonBlocking" scope="axis2"/>
  <header
    expression="fn:concat('jms:/', get-property('TopicName'),'?transport.jms.ConnectionFactoryJNDIName=TopicConnectionFactory&amp;java.naming.factory.initial=org.apache.activemq.jndi.ActiveMQInitialContextFactory&amp;java.naming.provider.url=ACTIVE_MQ_URL&amp;transport.jms.DestinationType=topic')"
    name="To" scope="default"/>
  <call>
    <endpoint name="AlertTopic">
      <default trace="disable">
        <timeout>
          <duration>300000</duration>
          <responseAction>fault</responseAction>
        </timeout>
        <suspendOnFailure>
          <errorCodes>-1</errorCodes>
          <initialDuration>0</initialDuration>
          <progressionFactor>1.0</progressionFactor>
          <maximumDuration>0</maximumDuration>
        </suspendOnFailure>
        <markForSuspension>
          <errorCodes>-1</errorCodes>
        </markForSuspension>
      </default>
    </endpoint>
  </call>
  <respond/>
</sequence>
