<?xml version="1.0" encoding="UTF-8"?>
<sequence name="SendAlertAndUserNameToPushNotificationManager" trace="disable" xmlns="http://ws.apache.org/ns/synapse">
    <call-template description="Log-INFO" target="gov:com/commons/util/v1/templates/LoggerTemplate.xml">
        <with-param name="SequenceName" value="SendAlertAndUserNameToPushNotificationManager"/>
        <with-param name="Message" value="Going to get username list from Client Management API and send alert to Push Notification Manager"/>
        <with-param name="LogLevel" value="INFO"/>
    </call-template>
    <sequence key="GetUserNameListFromClientManagementAPI"/>
    <filter regex="CM-N-0000*." source="get-property('CMResponse')">
        <then>
            <log level="full" separator="---== User exist in the current Application Group ==----">
                <property expression="get-property('CMResponse')" name="response"/>
            </log>
            <call-template description="Log-INFO" target="gov:com/commons/util/v1/templates/LoggerTemplate.xml">
                <with-param name="SequenceName" value="SendAlertAndUserNameToPushNotificationManager"/>
                <with-param name="Message" value="Going to send alert and username list to the push notification manager"/>
                <with-param name="LogLevel" value="INFO"/>
            </call-template>
            <payloadFactory media-type="json">
                <format>{&#xd;
		        	"APNSProviderServiceRequest": {&#xd;
		        		"username":$1,&#xd;
		        		"notification": {&#xd;
		        				"aps": {&#xd;
					                 "alert" : {&#xd;
					                 	"title" : "$2",&#xd;
					                  	"body" : "$3"&#xd;
					                  },&#xd;
		        				"badge":1,&#xd;
		              			"sound":"default"&#xd;
		        			}&#xd;
		        		}&#xd;
		        	}&#xd;
		        	}	
		        </format>
                <args>
                    <arg evaluator="json" expression="$..UserName"/>
                    <arg evaluator="xml" expression="get-property('EventType')"/>
                    <arg evaluator="xml" expression="get-property('EventTitle')"/>
                </args>
            </payloadFactory>
            <log description="Log-INFO" level="full" separator="------==== PushNotificationManager Request ====------"/>
            <property description="ContentType" name="ContentType" scope="axis2" type="STRING" value="application/json"/>
            <property description="messageType" name="messageType" scope="axis2" type="STRING" value="application/json"/>
            <property description="OUT_ONLY" name="OUT_ONLY" scope="default" type="STRING" value="false"/>
            <call>
                <endpoint key="gov:nl/weintegrate/wealert/service/eventrouter/v1/endpoint/PushNotificationEndpoint.xml"/>
            </call>
            <log description="Log-INFO" level="full" separator="------==== PushNotificationManager Response ====------"/>
        </then>
        <else>
            <log level="full" separator="----=== No User is subscribed to the ApplicationGroupId ===----- ">
                <property expression="get-property('CMResponse')" name="response"/>
            </log>
            <call-template description="Log-INFO" target="gov:com/commons/util/v1/templates/LoggerTemplate.xml">
                <with-param name="SequenceName" value="SendAlertAndUserNameToPushNotificationManager"/>
                <with-param name="Message" value="Alert is not sent to the Push Notification Manager"/>
                <with-param name="LogLevel" value="INFO"/>
            </call-template>
        </else>
    </filter>
</sequence>
